Nama,Kategori,Sub-Kategori,Deskripsi,Rating,harga_min,harga_max,Image_Url,Latitude,Longitude,Google_Maps,Tahun_Buka
Iga Galabag,Kuliner,-,"Rumah makan khas Bandung yang terkenal dengan olahan iga sapi berbumbu gurih dan empuk, sering jadi tujuan pecinta masakan Sunda.","4,5",50000,100000,https://lh3.googleusercontent.com/gps-cs-s/APNQkAFExU_dJUIT9gbPXYPV1hU3dVXh_prJuQ2wM1UUkgl8doWY21Yc5ND5TfRdAzHVnmT-aI2TYN79C0T5LZ8PEBtggD4ukTl-SsvV_sXO3lBExQm24R8lcu4GMjhWhmN4BfUuD5QkJK-z5hWC=s1360-w1360-h1020-rw,-6.9018527,107.6249357,https://www.google.com/maps/search/?api=1&query=Iga+Galabag+Bandung,2022
Raja Rasa,Kuliner,-,"Raja Rasa adalah sebuah restoran yang terletak di Bandung, Indonesia, terkenal dengan berbagai hidangan Sunda dan suasana nyaman untuk berkumpul.","4,5",50000,150000,https://lh3.googleusercontent.com/gps-cs-s/APNQkAG60bdCFzwYIxRKnmJJ2eYW5_BWXatxPTc8ak0HwFleSTiYJNHs-I8SN54SadNU_Pbdm_nQSnd6FgE9s4_jKbgR-hJUGYB_VinXw2FTQA-pB8QfsVIENVJwUebbjflXc1-FLm38VH3JPHlZ=s1360-w1360-h1020-rw,-6.8798293,107.5839423,https://www.google.com/maps/search/?api=1&query=Raja+Rasa+Bandung,2001
Tahu Priangan,Kuliner,Belanja,Tempat makan sekaligus pusat oleh-oleh khas Bandung yang menyajikan berbagai olahan tahu.,"4,3",25000,50000,https://lh3.googleusercontent.com/gps-cs-s/APNQkAESZtX4U9pn0kFa1b7wIe6SYlZ0coepoGbYOBZQVTfTjmNWV-AMcESGi35_RspgI0O0WIoMWR2PIc160g941GBNC-Xm3pvoXmFz45LuDfzdnFMAzpHttle042Vgkbj3lBPRKPovWua0mJMU=w160-h160-n-k-no-nu,-6.9161563,107.5942657,https://www.google.com/maps/search/?api=1&query=Tahu+Priangan+Bandung,2025
Yabe Izakaya,Kuliner,Cafe,"Restoran bergaya Jepang (izakaya) dengan menu seperti yakitori dan ramen, cocok untuk nongkrong malam.","4,8",75000,100000,https://lh3.googleusercontent.com/gps-cs-s/APNQkAFupytkAXU77IyGYqaPZK3rTzZO2QipvQ0TOYjPKtNwoLOjkKFDkW4DS4Whpd4fbKJ2BYQptVxxfoWBJwziYxsLYy6ZlbDp2GWgwD0aCvh_8UFP0BmkrFRA4p679-F7Ir7rjXVlTJtvMxs=w160-h267-n-k-no-nu,-6.9147801,107.591976,https://www.google.com/maps/search/?api=1&query=Yabe+Izakaya+Bandung,2023
Liwet Asep Stroberi,Kuliner,Wisata,Tempat makan nasi liwet khas Sunda di kawasan wisata Lembang dengan suasana alam dan kebun stroberi.,"4,3",50000,100000,https://lh3.googleusercontent.com/gps-cs-s/APNQkAGsI9ARLNrEr4f-gOzIxnw-bCECYYKy78PkV-gSZBQkYf9CZQJQUfvtMHsjhtHIWk7MpEbj8YFqyjVrw8xs1DRfDknQfHvjcJ0RehyKkaupoMPfbN6ZdLZU6LbWTgq3qxa1_urC=s1360-w1360-h1020-rw,-6.8178771,107.6119519,https://www.google.com/maps/search/?api=1&query=Liwet+Asep+Stroberi+Bandung,2006
Bakmi Rajim Rica Rica,Kuliner,-,"Bakmi Rajim Rica-Rica adalah salah satu tempat makan bakmi yang terkenal di Bandung, menawarkan cita rasa yang lezat dan beragam pilihan menu.","4,1",25000,50000,https://lh3.googleusercontent.com/gps-cs-s/APNQkAEIsfPD5t0bPx_31U-BnrQ0KcEU6n-8pVIj9DOs0pUBmBJKl3m6jrs_rzPo2WkVVNs6t0BCNeBZ1c_rHr8__IMBa3K9G-3kJUonwuk7CMtYgVgOG0hM-Y2JJcw9ftTGoOBE2p26=s1360-w1360-h1020-rw,-6.9121885,107.5978822,https://www.google.com/maps/search/?api=1&query=Bakmi+Rajim+Rica+Rica+Bandung,1997
Kilogram Cafe,Cafe,Kuliner,"Cafe modern dengan konsep industrial, terkenal dengan kopi dan dessert estetik yang Instagramable.",4,125000,150000,https://lh3.googleusercontent.com/gps-cs-s/APNQkAFe-qg9J3RLxY8-IKLMaMlGWoUNsKh5XB04Dz2IiLhR9h0tnfnXCjxvZl-NvpuXCqSNFJ1kLrIROOnxTNXTbqFaAB3AVf0GbA71UFMwGT0oAsAJ1l39sJ6kL5Pp9NJBT-2SSJOw=s1360-w1360-h1020-rw,-6.7751944,107.6236111,https://www.google.com/maps/search/?api=1&query=Kilogram+Cafe+Bandung,2019
Lazy Jennie,Cafe,Kuliner,"Cafe cozy dengan konsep santai, menawarkan brunch menu dan kopi yang cocok untuk nongkrong lama.","4,8",50000,75000,https://lh3.googleusercontent.com/p/AF1QipMn-vdfW7Xo0X96bvMRoyMg7zAurngTX7j4kRZK=s1360-w1360-h1020-rw,-6.9107866,107.6276239,https://www.google.com/maps/search/?api=1&query=Lazy+Jennie+Bandung,2025
BMB Canteen,Kuliner,Cafe,Tempat makan dengan konsep kantin modern yang menyediakan berbagai menu comfort food dan minuman kekinian.,"4,4",75000,100000,https://lh3.googleusercontent.com/gps-cs-s/APNQkAGwEqyqU6_pX_UG2mkFLGLqUKh-kxp6FqCMNEo3GCqUcAqPkk41HJwy__kWrQDsGW70OAGsv9jfvSZaqhzv7yCm_zah00djQk5vZn6_ulaZzHk4gwZFgEM7YCHLqk74m4AkML0P6dL_SbFF=w289-h312-n-k-no,-6.8811203,107.5960891,https://www.google.com/maps/search/?api=1&query=BMB+Canteen+Bandung,2025
TJI LAKI 9,Kuliner,Cafe," Tji Laki 9 adalah toko bolu bakar legendaris Bandung di Jalan Cilaki dengan cita rasa tradisional, nuansa heritage, dan menu khas autentik.","4,5",25000,150000,https://lh3.googleusercontent.com/gps-cs-s/APNQkAE-296-gP5f8e3vRZCyYUqGXmSUyjK4_0Wd8vwhGf2h03RbpXpra8EXVfHEIhdry_UonekE7oviwrLOPWsS6rem85P8tgoKMT-C4KzDYK6yjBHvnMpkMLnm_329jMaI-ZxoMUpfic6203fb=w289-h312-n-k-no,-6.9068959,107.6286847,https://www.google.com/maps/search/?api=1&query=TJI+LAKI+9+Bandung,2024
Nasi Pedas Mertua,Kuliner,-,Nasi Pedes Mertua dikenal dengan sajian nasi hangat yang dipadukan dengan berbagai pilihan lauk dan sambal pedas yang jadi ciri khasnya.,"4,1",25000,50000,https://lh3.googleusercontent.com/gps-cs-s/APNQkAH90FPTRQa81ICjuVY7LCzof28B587bRyaEFrHIhm8uWMyceUA4eAw4SsOdksJ-7H7OHxG4OnA1QRaRlGo0RtZOqec7FeVMgEm5sbtZiWkbC493WD2wB2AunddYoKNUwPVz4mEdOvbDA1Mj=w289-h312-n-k-no,-6.9070012,107.6198199,https://www.google.com/maps/search/?api=1&query=Nasi+Pedas+Mertua+Bandung,2025
The Deli Bakes (Pudak),Cafe,Kuliner," The Deli Bakes, sebuah cafe dessert dengan konsep unik, menu beragam, dan suasana estetik yang cocok untuk bersantai.","4,6",50000,100000,https://lh3.googleusercontent.com/gps-cs-s/APNQkAGmEqSVY90brpd7rR0wAgFVJLFz2-iKIJ2WvYawBp75LtWm1MmTqymN-70qZypxLe70jXvXRir763RCX6w1MbMj6iNrOtMERGEBvzdcnoUA-YumSE6SPQJOHlbInBiNyeH7N9IQdp-Oc5ST=w289-h312-n-k-no,-6.9139289,107.6285151,https://www.google.com/maps/search/?api=1&query=The+Deli+Bakes+(Pudak)+Bandung,2024
The Deli Bakes (Eyckman),Cafe,Kuliner,"Cabang lain dari The Deli Bakes dengan konsep serupa, terkenal dengan croissant dan dessert berkualitas.","4,6",50000,100000,https://lh3.googleusercontent.com/gps-cs-s/APNQkAElfDLUEDD2hxZLSTgaYc0EpaakJ68MHE3YUFxx1gwx3eBxfe4q5frIU0WH18W4x36Y94Ew8-tssMJ4VyRToDWzy_d6Cl7w8x1ALcXGoiT9qlFr1EtunbjrRzhRdSx3uHBnAiin=w289-h312-n-k-no,-6.8960412,107.6005018,https://www.google.com/maps/search/?api=1&query=The+Deli+Bakes+(Eyckman)+Bandung,2022
Ayam Bakar Taliwang Bersaudara,Kuliner,-,"Ayam Bakar Taliwang Bersaudara adalah restoran populer yang terletak di Jl. Citarum No. 29, Bandung. Dikenal dengan ayam taliwang pedasnya, restoran ini menawarkan hidangan ayam panggang tradisional Indonesia dengan rasa pedas.","4,4",50000,100000,https://lh3.googleusercontent.com/gps-cs-s/APNQkAFWsRlyzaem09oL1I9oA_XiFM0VArG2Jbs_8HVXeUd2JPOiMMKABY13Aak98cPOFA4DAcNukrRpGSQ0s9GItc1yGYo_qc8FZQNJd9HeYm0cFvZ8O7uzM63RVZLrcx0xl8sLEwAv=w289-h312-n-k-no,-6.9026179,107.6237415,https://www.google.com/maps/search/?api=1&query=Ayam+Bakar+Taliwang+Bersaudara+Bandung,1990
BAGELICIOUS,Cafe,Kuliner,"Bagelicious Bandung tempat cozy dengan bagel fresh, dan vibes santai di tengah kota. Spot ideal buat brunch, nongkrong, atau kerja santai.","4,8",25000,75000,https://lh3.googleusercontent.com/gps-cs-s/APNQkAGbv7uGBMNwIKc4fzraCWY7FLxyO0w827kKaLt4JzAy8oSSWIO-W-CZacRWLFRNjalc9KzXF2a8NbMjs4XPx9inF6jcAB7s2wGmuPYqvFkPPpiG3KHYcsr9oSyuQRSSCsvimsY=w289-h312-n-k-no,-6.9058918,107.6179548,https://www.google.com/maps/search/?api=1&query=BAGELICIOUS+Bandung,2024
Kame Bakehouse,Cafe,Kuliner, Kame Bakehouse menyajikan dessert manis kekinian hingga main course yang layak dicoba. ,"4,5",50000,100000,https://lh3.googleusercontent.com/gps-cs-s/APNQkAHV7ugCF3VfyXd1Q1A2jW0PDPgLEJCUgU51QrutPsMJGRgk4G4m1OUHZYpQuAUhozlsXcj-0rLjEsHcpYVAvj68Ssiee_jdSU-KNaQucestFvMXx3RzsvQThHvGiWU5wXiImg=w289-h312-n-k-no,-6.8812426,107.5828904,https://www.google.com/maps/search/?api=1&query=Kame+Bakehouse+Bandung,2023
From Jannice To You - Sourdough Doughnuts Bandung,Cafe,Kuliner,"From Janice to You Bandung adalah toko donat estetik dan cozy spot ngopi di Bandung yang cocok buat nongkrong, kerja, dan hunting konten.","4,8",10000,25000,https://lh3.googleusercontent.com/gps-cs-s/APNQkAF_8H0CFk7XdwltqRrc-4ICufXd6Md_hfrKkKoHBkEIO31dVOk5xF8xdrGE4cE1k5LPGXhBK1cPG-XzdQdIGi_ETdSc-JpOziwg1Ge6czBHUtFUiVN1xe8v-vw-QOz_bfNgBfGUEpNJXec=w289-h312-n-k-no,-6.868961,107.5933728,https://www.google.com/maps/search/?api=1&query=From+Jannice+To+You+-+Sourdough+Doughnuts+Bandung+Bandung,2025
Set N Rise,Cafe,Kuliner,"Set N Rise adalah kedai yakitori dan bar eklektik yang disajikan di dalam ruang minimalis, abu-abu-&-kayu hangat.","4,3",50000,75000,https://lh3.googleusercontent.com/gps-cs-s/APNQkAFMzWdUWohf7XYd05Yj4ofkikFageibnAZBqjX9VGVpxnYZSbsBPoy0K_Jla-GJ3H5DDfJiAH2ljcomqaIFVo_EtIt2jHkJZmMxiKdSPU8yOHhuQIaI95qCwUYvS4CQZzSpPKc=w289-h312-n-k-no,-6.9049424,107.6238551,https://www.google.com/maps/search/?api=1&query=Set+N+Rise+Bandung,2022
O-Maru Street Cafe,Cafe,Kuliner,"Maru Street Cafe, sebuah destinasi kuliner unik, ternyata bersembunyi di dalam sebuah supermarket. Konsep ini menawarkan pengalaman bersantap yang berbeda, menggabungkan cita rasa Jepang dengan sentuhan fusion yang inovatif.","4,5",50000,75000,https://lh3.googleusercontent.com/gps-cs-s/APNQkAFQaYLoiG_dMEbepRnwrKKzVPuZ5nzyydggwMjt4UHoTdffkKxAnqdswmyLcW3686QZL_WBkkB79AkLhDZ0MycfINUptw-RMAp7rIRtJ4SQCUjhnDrmKmSFdpd9JCs20blg7uBcQDM3pl6q=w160-h200-n-k-no-nu,-6.8824311,107.6009737,https://www.google.com/maps/search/?api=1&query=O-Maru+Street+Cafe+Bandung,2026
"Dansarasa
",Kuliner,Cafe,"Dansarasa adalah restoran bertema nusantara yang sedang populer di Bandung karena konsepnya yang unik, memadukan taman tropis dengan ornamen bambu dan air terjun buatan.","4,4",25000,125000,https://lh3.googleusercontent.com/gps-cs-s/APNQkAEFW52_Zr3fjnERcsPCbj_f2DxtcQ5h7VLYf52zRldzPqDihlhp0aNaCP-U9pYaO9aXWv0BRDoJ_lgBKSOly7-iM2vKVNVfGvrUc6hyz7BJwSUxIGL8NLAmtQRZ3aEExy45r8XKdP3R9z3E=w160-h114-n-k-no-nu,-6.9125591,107.5995157,https://www.google.com/maps/search/?api=1&query=Dansarasa+Bandung,2025
De.u Coffee Dago,Cafe,Wisata,De.u Coffee Dago adalah cabang terbesar dari De.u Coffee dengan konsepnya yang estetik. Tempatnya nyaman dan memiliki area yang luas.,"4,7",50000,100000,https://lh3.googleusercontent.com/gps-cs-s/APNQkAFOtE3ay4ePd1QuOr3Gu3gMj9qqYScPwv-GzsnVuTWeKQZFPxhTVJpYu_dH_TmbUvcjk8GrSLoFRxsZkz4JJSgXN2pLMfhdx-2_8ayPyVbnlSgXQioCBsSvCkNsXN7h5KAndChpF0R_urQ=w289-h312-n-k-no,-6.8712236,107.6276329,https://www.google.com/maps/search/?api=1&query=De.u+Coffee+Dago+Bandung,2024
Golden Plate Steak,Kuliner,-,Tempat makan steak yang murmer di Bandung!,"4,4",25000,50000,https://lh3.googleusercontent.com/gps-cs-s/APNQkAFAp2yAuBxFU91_AaDqL7I7i-Nct9srRwNFU0iJd31s6n0JFFfqy2PGyEehr_EBhFEtNTeuPdcSqaJ7JzCdbqlSld7L5APKrk6VLz9L0n0TbYk9QFNpgnfJ4OW7k45LUuIc5egTcA=w289-h312-n-k-no,-6.9146931,107.6347749,https://www.google.com/maps/search/?api=1&query=Golden+Plate+Steak+Bandung,2024
Rumah Sejoli Purnawarman,Cafe,Kuliner,"Rumah Sejoli menyajikan menu-menu dengan cita rasa menggugah selera, mulai dari nasi lemak ayam goreng, mie kari, chilli pan mie, nasi ayam tiga bawang, yang tidak hanya enak tapi juga bikin kenyang.","4,5",50000,75000,https://lh3.googleusercontent.com/gps-cs-s/APNQkAE90Qb17H7HEUXP92Y5_WIy9gBZE5uk13NZE1-fIW3y9DhfndNUe38ZlhJhnQi_GHdmk2H13H-p22yo3r3o9y21utNFOioa8gvlfreZZ3Ui9dYNcPj-Y-oout02LkouXf6QczvLFThJt2oA=s1360-w1360-h1020-rw,-6.9054014,107.6094866,https://www.google.com/maps/search/?api=1&query=Rumah+Sejoli+Purnawarman+Bandung,2024
Woi Supertiam,Kuliner,Cafe,"Woi SupertIAm dikenal sebagai salah satu tempat nongkrong yang punya suasana santai dan konsep sederhana tapi nyaman. Tempat ini sering jadi pilihan buat yang ingin ngopi tanpa ribet, ngobrol lama, atau sekadar menghabiskan waktu dengan suasana yang tenang.","4,8",50000,75000,https://lh3.googleusercontent.com/gps-cs-s/APNQkAE85ySLfSY3zyDrgMVu_mYlLkd47VEKv7j99G2fZJgyXNVUoG7tYdWv-RWgBgjsYBjvkai-UpAOOOYVW8zQXrcqG9lXY9ZibfulBenH8_stdgvMC-3sAlFpMjbV1IPY6i9zN08XMOWVfXqJ=w289-h312-n-k-no,-6.9128814,107.6171231,https://www.google.com/maps/search/?api=1&query=Woi+Supertiam+Bandung,2024
Kopi Moyan,Cafe,Wisata,Kopi Moyan Bandung merupakan rekomendasi tempat sarapan yang ideal setelah lelah berolahraga atau sekadar ingin menikmati pagi dengan suasana yang tenang.,"4,5",25000,50000,https://lh3.googleusercontent.com/gps-cs-s/APNQkAEKt5itWD5Z4ObtHxhL4FOYbP7KPI2p_CJhoHbNScbKdVVgIgBY-ayoLoiAroJKLpvcJx90mUZTIgzVotA8EdU1tjHUWpWB3iHLCWcab3qc-ALjmj2lC4aDPYojfiUxEo2tsXhOkrDzbLc=w289-h312-n-k-no,-6.9135593,107.6277418,https://www.google.com/maps/search/?api=1&query=Kopi+Moyan+Bandung,2023
Situ Patenggang,Alam,Wisata,"Situ Patenggang adalah destinasi yang menyatukan harmoni alam, ketenangan, dan kenyamanan fasilitas modern","4,6",25000,100000,https://encrypted-tbn0.gstatic.com/licensed-image?q=tbn:ANd9GcTW_ixjhNqPmpvRpaJNsDW8AvAA5A9rP6Bef2vyLd6-YHld1IxmlEFaDE7HkwwcTSvaif0l0pwLA9q-lynZOLJ-VKg&s=19,-7.1672928,107.357673,https://www.google.com/maps/search/?api=1&query=Situ+Patenggang+Bandung,1981
BERG Puntang,Cafe,Alam,BERG Puntang merupakan adalah sebuah kafe di Cimaung yang berdiri di atas lahan seluas 1 hektar di kawasan wisata Gunung Puntang. Nama BERG sendiri terinspirasi dari Bahasa Belanda yang berarti gunung.,"4,4",25000,50000,https://lh3.googleusercontent.com/gps-cs-s/APNQkAE1ANNescnfyZzx2exws-fbzC3h7jEr4ldqOhK8AnS83-35-F3fXrgF6uR8Mriczxa9s-VPtP3hT7SuVdsNL28vuu_0UpPwchiepCG8YY0xu8qxpX4iv2fWFQ6Z-9Np9GP7gDUnAAAA_6_0=w289-h312-n-k-no,-7.1162322,107.6059358,https://www.google.com/maps/search/?api=1&query=BERG+Puntang+Bandung,2023
Tepi Gunung Nature Park,Alam,Wisata,Tepi Gunung merupakan sebuah obyek wisata di Bandung berupa taman dengan keindahan alam dengan pemandangan menakjubkan di tepi gunung Burangrang di Bandung Barat. ,"4,3",5000,35000,https://lh3.googleusercontent.com/gps-cs-s/APNQkAFXRvZYKZuDfxuj8psjp2TOk3QeK9W24LmWbX7S0oVk4ALI_NsUdGzdVQ8dgrn4jy9sLNFtDbAT0FzKFMWV3zoGwu_SeUnTQNmNYqgVGrN9O9pIOGd4J7I35YX25GOyHLuT_r5Frg=s1360-w1360-h1020-rw,-6.8076252,107.5583509,https://www.google.com/maps/search/?api=1&query=Tepi+Gunung+Nature+Park+Bandung,2024
Sanghyang Kenit,Alam,Wisata,"Sanghyang Kenit adalah lokasi yang menawarkan aktivitas rafting, arung jeram, dan susur goa di Citarum Purba. ","4,6",10000,15000,https://lh3.googleusercontent.com/gps-cs-s/APNQkAEnzEqnNFEz4dhEAVqMYhXsiFgy3skmR6LOhaPchOe-boKaxkLqfJGiGt2N-jH4clNdcAdGQ7ZPJED-QsACAWCsaF_ea0dffON-aczGhwLqtMTASQrAORCJiRqoHZLpg2RSx0A=w270-h312-n-k-no,-6.8582198,107.3498993,https://www.google.com/maps/search/?api=1&query=Sanghyang+Kenit+Bandung,2019
Ranca Upas,Alam,Wisata,"Ranca Upas adalah kampung cai di Ciwidey, Bandung, yang menawarkan pemandangan alam hijau, penangkaran rusa, dan fasilitas camping.","4,6",25000,100000,https://lh3.googleusercontent.com/p/AF1QipO5Zw6AfPfkB2lOJdSHL3pzW5gT2d4xep0gbwpm=w160-h134-n-k-no-nu,-7.1384888,107.3895529,https://www.google.com/maps/search/?api=1&query=Ranca+Upas+Bandung,1989
Braga,Wisata,Belanja,"Jalan Braga di Bandung adalah kawasan ikonik yang memadukan sejarah kolonial, kuliner legendaris, seni, dan pusat perbelanjaan modern, menjadikannya destinasi wisata wajib di Kota Bandung.","4,7",0,100000,https://lh3.googleusercontent.com/gps-cs-s/APNQkAHMQtNcCZXtV7bdrrhNofXP3HouMN3FNcWdER7ZjxvaygqfksGecd7gJIA_sRymP1ZUk4sp3XbKbqVCRfcMJcoauiQ8qXznXPul0-a3PSF6na0c1wY6A1DcCL8X4GV7QAyA2g=s1360-w1360-h1020-rw,-6.9181555,107.609031,https://www.google.com/maps/search/?api=1&query=Braga+Bandung,1920
Jl. Asia Afrika,Wisata,-,Jalan Asia Afrika adalah jalan bersejarah di Kota Bandung yang terkenal sebagai lokasi Konferensi Asia Afrika 1955 dan menjadi ikon wisata budaya serta sejarah,"4,7",0,100000,https://lh3.googleusercontent.com/gps-cs-s/APNQkAFsM-wPK1dAGq_ROY1f_geRXLRfqgx95LzZmkk_gkO6ethai7iU9oqOUG5ZFuHbT6ZK259JGLHj5ScZ0txbDK00aMk1KNQRoWRB3bZxSOzuzncTXdfIdQy0gf_l70RtLSlTOMFq=s1360-w1360-h1020-rw,-6.9216026,107.6108618,https://www.google.com/maps/search/?api=1&query=Jl.+Asia+Afrika+Bandung,1955
Farmhouse Susu Lembang,Wisata,Hiburan,Farmhouse Lembang merupakan tempat rekreasi keluarga yang terletak di Lembang yang menawarkan berbagai macam aktivitas seru untuk anak-anak dan keluarga.,"4,4",30000,100000,https://lh3.googleusercontent.com/gps-cs-s/APNQkAExG1KQkLKFYyddObPzIe1l3U6QafVBIzg5eJhIBJ1HiZ6Lr6qfJUemSLzHV36FGjTI2Hh4ico2fyDJ5_89fVOZpBrUlNR_2kpCYm7mqnbdX6Ld-UXmmiyK9G6UBDd15-4RRKJeQQ=w270-h312-n-k-no,-6.832969,107.6056183,https://www.google.com/maps/search/?api=1&query=Farmhouse+Susu+Lembang+Bandung,2015
The Great Asia Africa,Wisata,Hiburan,The Great Asia Afrika Bandung adalah destinasi wisata Asia Africa yang menggabungkan edukasi dengan artistik. ,"4,5",50000,100000,https://lh3.googleusercontent.com/gps-cs-s/APNQkAHiWdhVhVtjJBTfBfPnpyShUcks7CXbanF67_jK15v7e52uulT6bUU147PuDKQyFUGui1ul3CZJu24wUggRtg6-iFn29b_cswnPIlb8xUF2F5aRGJPOHBYSOdcYtCLoXwMVvAk=w270-h312-n-k-no,-6.8326049,107.6047628,https://www.google.com/maps/search/?api=1&query=The+Great+Asia+Africa+Bandung,2019
Orchid Forest Cikole,Alam,Wisata,"Orchid Forest Cikole adalah tempat wisata yang menawarkan keindahan hutan pinus, anggrek, dan berbagai fasilitas lainnya.","4,6",40000,100000,https://lh3.googleusercontent.com/gps-cs-s/APNQkAE-RxIaCxZZw568AWWectcHw1CcKGPuZ1kUNUxMuESYFng90JStuKkBTjY2-cqjuZVIkJ8aWFix7yAegqKgbrQ3lPiY_zq8l5VwJ-0uafo5diycFFU4MTg_aH9vyLCBXQJG1YI=w270-h312-n-k-no,-6.7799539,107.6349443,https://www.google.com/maps/search/?api=1&query=Orchid+Forest+Cikole+Bandung,2017
Tangkuban Perahu,Alam,Wisata," Tangkuban Perahu merupakan salah satu destinasi wisata populer di Jawa Barat, menawarkan pemandangan alam yang indah dan berbagai atraksi wisata.","4,5",30000,100000,https://dynamic-media-cdn.tripadvisor.com/media/photo-o/07/18/b1/5c/tangkuban-perahu.jpg?w=900&h=500&s=1,-6.7596375,107.6097807,https://www.google.com/maps/search/?api=1&query=Tangkuban+Perahu+Bandung,1987
Nimo Highland,Wisata,Alam,Nimo Highland adalah tempat wisata di selatan Bandung yang menawarkan pemandangan gunung dan hamparan kebun teh.,"4,4",30000,100000,https://lh3.googleusercontent.com/gps-cs-s/APNQkAHDA56s9v3Dyx3FiY8HukecJzwvep3hdjZplVxnZzghRaN7bk9N_RG8ZK9zPjfhJdDY0PoXRlo4dJdUejhKq7JcUIXx03ax3O2nCLplw49--n-i1e8ZXCAz814nTfmiGsvOvTp0gg=w270-h312-n-k-no,-7.2202947,107.5773769,https://www.google.com/maps/search/?api=1&query=Nimo+Highland+Bandung,2022
Kawah Putih,Alam,Wisata,Kawah Putih merupakan destinasi wisata alam berupa kawah vulkanik yang terletak di kaki Gunung Patuha.,"4,5",20000,100000,https://cdn.bandung-tour.com/wp-content/uploads/2025/05/kawah-putih.webp,-7.1661541,107.4021396,https://www.google.com/maps/search/?api=1&query=Kawah+Putih+Bandung,2000
Dago Dreampark,Hiburan,Wisata,Dago Dreampark merupakan atraksi wisata alam yang memadukan antara keindahan hutan pinus dengan berbagai wahana seru dan menarik,"4,2",60000,100000,https://lh3.googleusercontent.com/gps-cs-s/APNQkAFLyzxNTyiSsWOUx3aCsyWlaG8bYRu8kTwIoDC6fJ5dS20W3iGxj08Nupi-br5m-_y5ACV4NiRGABwX8HW5Wjo7f1vfgNkFJXaP4mlm6hSnduZe9EQQMWgZRyJNe7IR4vU2rHOu=s1360-w1360-h1020-rw,-6.8484061,107.6259371,https://www.google.com/maps/search/?api=1&query=Dago+Dreampark+Bandung,2014
Taman Hutan Raya Ir. H. Djuanda,Alam,Wisata,"Taman Hutan Raya Ir. H. Djuanda, atau sering disebut Tahura Djuanda, adalah kawasan konservasi yang terletak di Bandung, Indonesia, dengan luas mencapai 590 hektar dan kaya akan keanekaragaman hayati serta sejarah","4,6",17000,100000,https://lh3.googleusercontent.com/gps-cs-s/APNQkAEjRbQPyyvDbNALHkyJR3VSFQMKmTdpqcJ8C6LNxPFqvptWMf1yUgcqNhcEfU7jVVU_wZQH7VXrBbxrIozYUGfy6H3wzOXLzXso-P8TsmTG4wp70Oo08MDF4jCImee0sV-es7jiXg=s1360-w1360-h1020-rw,-6.8588704,107.6307321,https://www.google.com/maps/search/?api=1&query=Taman+Hutan+Raya+Ir.+H.+Djuanda+Bandung,1985
Kiara Artha Park,Wisata,Hiburan,"Kiara Artha Park adalah taman tengah kota yang menawarkan berbagai aktivitas, wahana, dan fasilitas untuk wisatawan. ","4,6",10000,100000,https://lh3.googleusercontent.com/gps-cs-s/APNQkAFq5r1CYCNIyvaRBu4u6D7XgZ6MzYsriyC05ysFdnvCa1xlHvuF-a-L1097888Rup_3Y-JGsJzoy7Q51P8PweyUF6c6pNuKQEttE9c_hg_4I_EZ7nSIvUiFFIxcAFbvzyHhn890QQ=w270-h312-n-k-no,-6.9161952,107.6422296,https://www.google.com/maps/search/?api=1&query=Kiara+Artha+Park+Bandung,2022
Trans Studio Bandung,Hiburan,Wisata,Trans Studio Bandung adalah tempat rekreasi terbesar di Bandung yang menawarkan 18 wahana dan 5 pertunjukkan,"4,6",200000,300000,https://lh3.googleusercontent.com/gps-cs-s/APNQkAFxwqniJvC84YshilpXIC5lKyxgQGLqGv8Gc0IPc_KQpT-JetNTKJFGxInAeV9AVF8ECT9wrv92p32LT_-JcH8us4QUliqtFc_HXVzd3hegL0HqWHZtlGyPmoYX21gp0VrIGXMV=w270-h312-n-k-no,-6.9255416,107.6362786,https://www.google.com/maps/search/?api=1&query=Trans+Studio+Bandung+Bandung,2011
Gedung Sate,Wisata,-, Gedung Sate merupakan bangunan bersejarah yang kini menjadi salah satu ikon Kota Bandung.,"4,7",0,100000,https://encrypted-tbn0.gstatic.com/images?q=tbn:ANd9GcTx8i1kd8UYxJHj1dJxkXLf5aOVomGXx-YCcGMX5fEjCbTCOnqaEtHVDTM&s,-6.9024715,107.6187018,https://www.google.com/maps/search/?api=1&query=Gedung+Sate+Bandung,1920
Museum Geologi,Museum,Wisata,"Museum Geologi Bandung bukan sekadar tempat penyimpanan benda-benda geologi, tetapi juga pusat pembelajaran yang menghidupkan sejarah bumi dengan cara yang menarik.","4,7",3000,25000,https://encrypted-tbn0.gstatic.com/images?q=tbn:ANd9GcQNwZIjyudmeXrBISspwy7vQ7KfqyMoW3TGh_5f0VEGLggSWKGCwZz92Qc&s,-6.9007162,107.6214553,https://www.google.com/maps/search/?api=1&query=Museum+Geologi+Bandung,1929
Tebing Karaton,Alam,Wisaata,Tebing Keraton Lembang Bandung merupakan sebuah tebing yang berada di dalam kawasan Taman Hutan Raya Ir. H. Djuanda.,"4,5",17000,100000,https://lh3.googleusercontent.com/gps-cs-s/APNQkAEsfXUfyjo0rkBiMkzpOkyalNVH6F8FxEJv7GsymTrX-VKU2BWGRtm34ZONPqPX18LLhHfo3vHWQBVypPYSSJhtzt9qPl7Wx8x822oklVYcRSL3DzXV37eR6wCOZoyfX3kb3gdn=s1360-w1360-h1020-rw,-6.8348771,107.6637416,https://www.google.com/maps/search/?api=1&query=Tebing+Karaton+Bandung,2014
Monumen Perjuangan Rakyat Jawa Barat,Wisata,Museum,Monumen Perjuangan Rakyat Jawa Barat (Monju) adalah monumen dan museum di Bandung yang menghormati perjuangan rakyat Jawa Barat dalam melawan penjajahan dan mempertahankan kemerdekaan Indonesia.,"4,5",0,50000,https://lh3.googleusercontent.com/gps-cs-s/APNQkAFj5hYMLXETLTy0GaNLjOVPPy9eR7knOHdB43vcdEBleBe8dOzRbQK-kI8flB16WqG5WptroJsN2Ho7zy_qFhBPyhj6DSgkpthXmqnCqF-4eyFpcHdOSWx506TCkU0kJ2d0RQ5-=w270-h312-n-k-no,-6.8934327,107.6185513,https://www.google.com/maps/search/?api=1&query=Monumen+Perjuangan+Rakyat+Jawa+Barat+Bandung,1995
Gedung Merdeka,Wisata,Museum,Gedung bersejarah tempat Konferensi Asia Afrika 1955 berlangsung simbol perjuangan kemerdekaan bangsa-bangsa Asia Afrika.,"4,8",0,50000,https://lh3.googleusercontent.com/gps-cs-s/APNQkAEuwbXsqfzu8926YYfJvqufyEDc-eLZZrC6WBtz5ybz9oZcv269ct4Mr08zspXSM-Sx3YX97uV9tK0JA3xPk-1SlnYo4VKUcwQ8QN7u0MyL_skuJpRbpiCLC87XNdZ370oGId9f=s1360-w1360-h1020-rw,-6.9211736,107.6091704,https://www.google.com/maps/search/?api=1&query=Gedung+Merdeka+Bandung,1895
Museum Sri Baduga,Museum,Wisata,Museum budaya Jawa Barat dengan koleksi artefak pakaian adat dan benda bersejarah Sunda yang sangat lengkap.,"4,5",2500,50000,https://upload.wikimedia.org/wikipedia/commons/thumb/d/d2/Sri_Baduga_Museum.JPG/1280px-Sri_Baduga_Museum.JPG,-6.9376435,107.6034883,https://www.google.com/maps/search/?api=1&query=Museum+Sri+Baduga+Bandung,1974
Saung Angklung Udjo,Wisata,Hiburan,Pusat seni dan budaya Sunda dengan pertunjukan angklung interaktif wayang golek dan tari tradisional yang memukau.,"4,7",60000,85000,https://lh3.googleusercontent.com/gps-cs-s/APNQkAGxchzTtEAVTDf7fHKZ7MVprbJuCYamxdyq4tY5mH0PWWtNMM7AaxVvI4-W9WBNxqFWcnpmyOahVp9_VoyE-9WMWIOEDIQYS7VzkJwX9_EHSLqC-DTtWYxMdiW1DWgpDskQ14aFtA=w160-h134-n-k-no-nu,-6.8980048,107.6552562,https://www.google.com/maps/search/?api=1&query=Saung+Angklung+Udjo+Bandung,1966
Masjid Raya Al Jabbar,Wisata,-,Masjid megah terbaru di Bandung dengan arsitektur modern dikelilingi danau buatan dan taman yang sangat indah.,"4,7",0,50000,https://www.hutamakarya.com/storage/whatsapp-image-2022-12-30-at-75827-pm.jpeg,-6.9481145,107.7035012,https://www.google.com/maps/search/?api=1&query=Masjid+Raya+Al+Jabbar+Bandung,2022
Tokyou Japanese,Kuliner,-,"Restoran di Jl. LL Martadinata No. 85 Bandung yang menjual aneka masakan Jepang dan Western. Menyajikan menu sushi roll, hotplate ramen, salmon hotplate sushi, hingga chicken katsu dengan harga terjangkau mulai dari ribuan rupiah.","4,7",25000,50000,https://lh3.googleusercontent.com/gps-cs-s/APNQkAF3XM8KyxO0VlDTY8hBCYSo7V6y6YSNAabnmaqWEDfzGQe4WNH3tVcGyMtPwarHUNaMxP-0Z86fWSqZFeGtW6iQf3KEmRgs9G4wxbJwd2RhcWPMBan2MumDVPWFmTlQU8Gnk4is=w408-h544-k-no,-6.9058608,107.6191704,https://www.google.com/maps/search/?api=1&query=Tokyou+Japanese+Bandung,2026
Naughty Neighbors,Cafe,Kuliner,Kafe hits di Bandung dengan suasana cozy dan menu beragam yang sedang viral di kalangan anak muda. Cocok untuk nongkrong santai dengan berbagai pilihan makanan dan minuman kekinian.,5,50000,100000,https://lh3.googleusercontent.com/gps-cs-s/APNQkAGptBEczzTunD3gVyAIcTvEjobI-CrYDMNBepKzrMO2iqGHIKE8kb8ewTusCNW-Nrz2Dob-ZRydXUMlkSCudk-5_b1MxiZNhJOxD6XbqwhL-kh2av139AzvsBLnbWD84dj_ccmS9KTB7dT0=w408-h510-k-no,-6.8974723,107.6170081,https://www.google.com/maps/search/?api=1&query=Naughty+Neighbors+Bandung,2026
Ayam Kukus Bengawan,Kuliner,-,"Kedai di Jl. Bengawan No. 56 Bandung yang viral di TikTok dan Instagram karena ayam kukus berbalut rempah khas. Menu utama terdiri dari ayam pejantan bertekstur padat dan ayam kampung yang gurih autentik, dengan pendamping sambal korek dari cabai domba murni.","4,1",25000,50000,https://lh3.googleusercontent.com/gps-cs-s/APNQkAGwIjlox6WjmoHk8jdkRC4qYttrgZq2RqnpYmDjw5emYWm8yix1YKNik5YULyiwKWqbdN8uiAwRApuCiVr8BQ5OwVat09JOS3EFrDEmiQJFCfTw2R92HNMb3pmZddPy96-DYkbDIGVu6UY=w408-h544-k-no,-6.9085723,107.6272747,https://www.google.com/maps/search/?api=1&query=Ayam+Kukus+Bengawan+Bandung,2025
Ayam Kampung dan Sop Rimbun,Kuliner,-,"Warung makan di Jl. Sumbawa No. 28 Bandung yang menyajikan ayam kampung goreng dan sop rimbun segar. Menu nasi ayam goreng kampung dilengkapi ceker, ati ampela, jukut goreng, dan sambal.",4,50000,75000,https://lh3.googleusercontent.com/gps-cs-s/APNQkAGmuURig06sAFQTYs6avIZnc4WH56xyRxK-4GwwUg01cG0G-pvNVc18fi3NTmEhEoc2Rr346NY7dPyB2_KrvIQqEdVyUn-wmbHkSqBV0UzhfVyEdZUxpwV0rV2ERi_iqTzt_YLXtMN7G60=w408-h725-k-no,-6.9125591,107.6082705,https://www.google.com/maps/search/?api=1&query=Ayam+Kampung+dan+Sop+Rimbun+Bandung,2023
KONARO Coffee & Eatery,Cafe,Kuliner,"Tempat yang strategis di jalan Aceh, cocok untuk WFC (Work From Cafe) ataupun nongkrong santai!","4,8",25000,50000,https://lh3.googleusercontent.com/gps-cs-s/APNQkAHzNaTh-sshyEAVZ-wJn6MaKngBbimstmidtcbEtF97MkmwdrInnUVOgZtR_A5wOvUq0RSl6X9b1wBaBfxDloX5LgIV4fVoIcC_QF4PJNSiKKUXwTfh7iMwkPZJYHXRglgkjizDCeAXlcM=w408-h610-k-no,-6.9089697,107.6185343,https://www.google.com/maps/search/?api=1&query=KONARO+Coffee+&+Eatery+Bandung,2021
Noisy Matcha 1.0 // SOKA,Cafe,Kuliner,"Kedai matcha hits di Jl. Soka No.23A Bandung dengan menu andalan matcha latte creamy, matchacotta, matcha cheesecake, dan roll cake matcha. Menggunakan ceremonial grade matcha dengan konsep nuansa zen yang cozy.","4,8",50000,75000,https://lh3.googleusercontent.com/gps-cs-s/APNQkAFw5VVvWbIiE4IdmwRpsJO-VhUOMvkFe8FEUgbvKsCzl5Xpigf4OK2Zf-6f8hkRISPtcvmca9hhVWbuR02HafjYg-oT-6E5vHflFakg5Ypf0bxoYMDjadSpsl3PrWQc74vBTdQOlfCANU3L=w408-h544-k-no,-6.915432,107.6282569,https://www.google.com/maps/search/?api=1&query=Noisy+Matcha+1.0+//+SOKA+Bandung,2025
MISOBA SARIJADI,Kuliner,Cafe,Kedai mi soba Jepang di Bandung dengan kuah kaldu gurih dan topping lengkap. Menyajikan berbagai varian soba dalam suasana yang kasual dan harga yang terjangkau.,"4,8",25000,50000,https://lh3.googleusercontent.com/gps-cs-s/APNQkAFr-PoaIbrI8te2-TFRkDSCeQDnI9x10gjcjQOOFf4Ws6x_KCeF1GRoQ8st_sNVsExExfgRNAayWkCOivJlDfLyxADvX94hCQImxEs_lOZoPtUeFjzjXlFb1TYyXwyYpnSlomZS11McI7Jc=w408-h725-k-no,-6.8797918,107.5680698,https://www.google.com/maps/search/?api=1&query=MISOBA+SARIJADI+Bandung,2026
Nightcap Bar Bandung,Hiburan,Kuliner,Bar dan kafe malam di Bandung yang menyajikan menu minuman kreatif dan makanan dalam suasana cozy. Cocok untuk bersantai di malam hari bersama teman.,"4,7",25000,125000,https://lh3.googleusercontent.com/gps-cs-s/APNQkAHVf2YitHICwWwDRnLErL95txfsgmqCEqNZUhingwymh9LP4TkwpVVbo9HueWeA_MZlP6ZElEZ5YkmvJR5J34BJ8MMSx5rsNvr2DwdJ_SWP2nrGwxkTDeApZ9fPFyT-ae-WkcY=w408-h272-k-no,-6.8666473,107.6034125,https://www.google.com/maps/search/?api=1&query=Nightcap+Bar+Bandung+Bandung,2025
Kanoko Coffee,Cafe,Kuliner,Kedai kopi dengan konsep minimalis Jepang di Bandung yang menyajikan kopi specialty dan matcha dalam suasana tenang dan estetik.,"4,7",25000,50000,https://lh3.googleusercontent.com/gps-cs-s/APNQkAHX6xS53x_9XEbdtaXYwIQ4T-ARHoGjiZ0R_LW3Jtzj_iB_t30klE8tlFsEjs9XQSQOC5O07ZC7xgS_Ha2AiHdKaIJ8dA7ouEuSFeDewvtgIteoiRKb2wuTrTcw61RFsfKup6sd=w408-h306-k-no,-6.8763647,107.616329,https://www.google.com/maps/search/?api=1&query=Kanoko+Coffee+Bandung,2022
Kurokofee,Cafe,Kuliner,Kafe aesthetic dengan menu kopi hitam khas dan berbagai minuman unik yang instagramable di Bandung.,"4,6",25000,50000,https://lh3.googleusercontent.com/gps-cs-s/APNQkAFquR2YeHVrbZst1fid-1p_mQKmuoIuS99nISqaq6l3dDb7Mty_akI45LAQJPWe4MTNhtXZgawI1CxZfc-NIIdIqZNUnw7mqzFP_9uYNDIvqqoRUMiFbzCBqiAzVVXm6rnqrdQ=w408-h510-k-no,-6.8710819,107.6057395,https://www.google.com/maps/search/?api=1&query=Kurokofee+Bandung,2016
KOZI Coffee 2.0 BUDARAA,Cafe,Kuliner,"Coffee shop dengan konsep hidden gem yang menempati rumah tua di kawasan Dago Atas, memadukan suasana klasik dengan nuansa modern.","4,6",25000,50000,https://lh3.googleusercontent.com/gps-cs-s/APNQkAFpFixNX_PO1f2e89WQlr3eOez48RQCbjUJRFjVR7NO_tkK7uFTMJ6GQgPh8Wc1cs1uK2l30Q71trEzwpxkQgxrPjWkPpk841Gie810WobDstV16dYi_6SbwhQvIPPLqpf_8k9WJat3C9K8=w408-h612-k-no,-6.8690548,107.6172425,https://www.google.com/maps/search/?api=1&query=KOZI+Coffee+2.0+BUDARAA+Bandung,2016
"Sejiwa Coffee, Progo",Cafe,Kuliner,"Coffee shop luas di Jalan Progo dengan bangunan berdinding kaca yang memungkinkan banyak cahaya alami masuk, menawarkan berbagai pilihan kopi dan makanan.","4,4",25000,75000,https://lh3.googleusercontent.com/gps-cs-s/APNQkAG5nyAs-SDsP4LGVrjdKTopwyVCEMBPSYdGOdroPdzkRXHzihLoYYrsy3HzQ-swq9T7brcd4jJjn7i7gIqSvh1fhdaUtG8Ywl9Hh6kdPJsGmBuleWa_ZKT2wu4k8JP9v2F_0hcd=w408-h408-k-no,-6.9043658,107.6185831,"https://www.google.com/maps/search/?api=1&query=Sejiwa+Coffee,+Progo+Bandung",2019
Morgy,Cafe,Kuliner,"Coffee shop yang berlokasi di dalam kompleks galeri seni Ruang Dini Bandung, sehingga pengunjung bisa menikmati kopi sambil menjelajahi pameran seni.","4,5",25000,50000,https://lh3.googleusercontent.com/gps-cs-s/APNQkAHhntgXgocSCoOoB1K1UCyXA5CNxDkmdxmUPEuH3YU402KSSouH9NOaUm7syfp8avrPjn5wLwDKGQ4rioFcsi_ADgCj5o2Z-obFVGJidbQUos6sZOpVEXhWpKUoFUZrkepv_ehR=w408-h725-k-no,-6.911779,107.629602,https://www.google.com/maps/search/?api=1&query=Morgy+Bandung,2019
Toko Kopi Tuku,Cafe,Kuliner,"Kedai kopi yang lahir dari obsesi terhadap kopi berkualitas dan kepedulian lingkungan, bekerja sama dengan petani lokal yang berkomitmen pada praktik kopi berkelanjutan.","4,6",25000,50000,https://lh3.googleusercontent.com/gps-cs-s/APNQkAGo4p7IYOLf2j1wDByxCOrNegK6xN_0MUeAQ2O5vw3KP0l4Mz8DvWar4Nq4Zs-HOB5CcK7ii68iTqeqw_nUTywtmfMVTgkSR6tpJT7c0PymU5P5YC9WlSZRFyLYOF6dq1u4esvX=w426-h240-k-no,-6.9074775,107.6182402,https://www.google.com/maps/search/?api=1&query=Toko+Kopi+Tuku+Bandung,2015
Makmur Jaya Coffee Roasters - Surya Sumantri,Cafe,Kuliner,"Didirikan di Bandung pada 2018, Makmur Jaya Coffee telah membangun reputasi sebagai kedai kopi berkualitas dengan basis pelanggan yang loyal. ","4,5",25000,50000,https://lh3.googleusercontent.com/gps-cs-s/APNQkAGETYUQmwY41lDfxN2wVvNNrPys7P6sVluvH5bsuPZWSTpqqA5_gAtYUD3nnsB_wkRHoebzDQbmILAWyHVVYD4GkDxvg8qfjnQcWYOok8U_Dlp5gFfBFftKwNhkmqMwM0HvpI_Vo5KLOxtK=w408-h306-k-no,-6.8824598,107.5811692,https://www.google.com/maps/search/?api=1&query=Makmur+Jaya+Coffee+Roasters+-+Surya+Sumantri+Bandung,2019
Kopi Toko Tua,Cafe,Kuliner,"Kedai kopi tematik bergaya tempo dulu dengan ornamen lawas dan lagu-lagu era 70–80-an, mengusung konsep Coffee to Go yang cocok untuk komuter. ","4,8",25000,50000,https://lh3.googleusercontent.com/gps-cs-s/APNQkAH9E1WShrbNmqcpv7494VWXATnldaClFKIdl1tFqW5k9f3JfdX7Tr5f71aET1P9Si6nZmkEqWcK_s0JvAhTZx5Ifikg47nO5EbiHa7fJooZVw7h002IAFa0snIE1EAmquhKC-C1PXSvh3KF=w408-h306-k-noo,-6.92774,107.6127927,https://www.google.com/maps/search/?api=1&query=Kopi+Toko+Tua+Bandung,2023
Smol Sips Coffee & Roastery,Cafe,Kuliner,"Coffee shop baru yang hadir akhir 2024 di Lengkong, mengusung konsep minimalis modern dengan area indoor dan outdoor yang nyaman. ","4,3",25000,50000,https://lh3.googleusercontent.com/gps-cs-s/APNQkAGu78xv1hYIgGIz1XhZd5ire1ewyt4lVEkIvq8ApGoEMNXOJYtT86O7iDlXPYEj4Nm85ZXFtvK-Tj6uwjd4NcpoRgqpvOHyEPQdhDmvcwNB50GYinzAvhtWKWXYXMgJOFMqZRzn=w408-h725-k-noo,-6.9409782,107.628403,https://www.google.com/maps/search/?api=1&query=Smol+Sips+Coffee+&+Roastery+Bandung,2024
Eskalasi Space,Cafe,Kuliner,"Café dengan konsep minimalis cozy dan tata ruang unik, dikenal dengan Es Kopi Eskalasi berbasis Arabica yang creamy berkat campuran susu kelapa.","4,5",25000,50000,https://lh3.googleusercontent.com/gps-cs-s/APNQkAG-BApf105j-sI0rzfEUI5_7K4P22IVhtQdqAl7xY-McLVbVLyOCsnOk9cgYItaHWNN2b4ePe5LKQqCOGX65sejAZ4P_5WJWv-A0ZvW-So__frg2rK0QRl9WiQIsjVGT8JBBOxvnBCFamxA=w408-h544-k-no,-6.943409,107.6260214,https://www.google.com/maps/search/?api=1&query=Eskalasi+Space+Bandung,2025
RM Sedep Raos x Tetangga Tiga Satu,Kuliner,Cafe,Kedai kopi di Puri Dago Selatan yang unik karena berkolaborasi dengan Gudeg Ceker Seturan — perpaduan kopi dan makanan khas Jawa.,4,25000,50000,https://lh3.googleusercontent.com/gps-cs-s/APNQkAHng9Lf-fWvmQInSRzw94p892bU3KccRjJBIp-uAEbZJudxMEZMJN6uZAfxyMItdlnQKSSpOP0Y5n7LenaANlNA0Q0YKOde2YxZop4vaiFrNf1LrOobbRGYnk50nQ6-3DhkvbWSekN1m51g=w408-h577-k-no,-6.92036,107.6692165,https://www.google.com/maps/search/?api=1&query=RM+Sedep+Raos+x+Tetangga+Tiga+Satu+Bandung,2025
Gin No Yatai,Kuliner,-,"Kedai bergaya yatai Jepang di Jl. Teuku Umar, Coblong, yang menyajikan ramen, gyoza, karaage, dan donburi. ","4,7",25000,50000,https://lh3.googleusercontent.com/gps-cs-s/APNQkAHUV21VqBP6hKoogRuhEEWVO0-j4O4vSKAvolf-EnDYAXErkmArqE9C9Uq5g9Q5dC-9ZbTkH-AAlRQHg09yIJYe6gKIvMt2s8864h0W1_iqIS4zwulXEpTC3Z56d7aggb7N5jFn9DcNzALn=w426-h240-k-no,-6.8922953,107.6173807,https://www.google.com/maps/search/?api=1&query=Gin+No+Yatai+Bandung,2024
Carlo's Chicken,Kuliner,-,"Carlo's Chicken adalah kedai di kawasan Gelapnyawang, Bandung yang mengkhususkan diri pada menu chicken strip dengan tagline ""Happiness in Every Strip"".","4,5",25000,50000,https://lh3.googleusercontent.com/gps-cs-s/APNQkAGLm5-cwt6cKCiRHXcn95wj8kIey9Es3heLA_fiwU_T0vPYaMdIAcaJIYVp6KQCBR7oKlQnuoxYjqCu3qoCvbgnOsJJe7DeV0q6rsJKy0rhE5sd24cIschj9m3XGxZnPEqqxsljWAW4j_vp=w408-h724-k-no,-6.8950664,107.6092017,https://www.google.com/maps/search/?api=1&query=Carlo's+Chicken+Bandung,2025
Brother Chang,Kuliner,-,"Brother Chang adalah restoran yang mengusung perpaduan cita rasa Asia dengan kisah inspiratif tentang keluarga dan kerja keras, resmi dibuka pada 22 Januari 2026 di Jl. Dipatiukur No. 73, Bandung. Menunya lintas Asia — dari Indonesia, Malaysia, Singapura, Vietnam, Thailand, hingga sentuhan Jepang dan Korea — disajikan di ruang yang luas bergaya homey dengan dekorasi seni khas Asia.","4,8",75000,175000,https://lh3.googleusercontent.com/gps-cs-s/APNQkAEXw3hWEwzeULUEj05A1oj2chupNlKkREc-Mc688gdxz52mNfvYxvqpEnZiD3C1ZYTqo-KMNuoD-AvRnPHJiaE0_VnMBm-tMsl44DwY03KRTpUzkwh3iDByRxUmJSY4ccMBBg0lO6FOISM=w408-h544-k-no,-6.8888849,107.6155648,https://www.google.com/maps/search/?api=1&query=Brother+Chang+Bandung,2026
Suppper Wok,Kuliner,-,"Supper Wok adalah wok bar berkonsep Thai fusion yang berlokasi di Jl. Anggrek, Bandung. Selain pilihan protein dengan nasi atau mie, tersedia juga gyoza sebagai pilihan appetizer.","4,9",25000,50000,https://lh3.googleusercontent.com/gps-cs-s/APNQkAHg8ZxSu3hbI5YBMiFIz3XNYI1_r2Hd1gRC3ntTFYKH3zntzxttRuz2DGyjGgHfxMFbOMO5wwWKqT1iRdetAnIRP-kyMKCwCSDeYME0BXSb_2yqzIyEAl_DQapeQGsPcjwWWqM7zRgki-ys=w408-h544-k-no,-6.911784,107.6203799,https://www.google.com/maps/search/?api=1&query=Suppper+Wok+Bandung,2024
Nhame Asia Afrika,Cafe,Kuliner,"Nhame adalah sentra hidangan Asia halal yang berlokasi di Jl. Asia Afrika No. 35, Bandung, buka setiap hari pukul 11.00–22.00.","4,7",50000,75000,https://lh3.googleusercontent.com/gps-cs-s/APNQkAHN6jo3hBmx4AAG3XK1FhQORvov7mz3MWSfgrCTcCWHfrrHHHrtnJmqsrVXAXIjQNRjxlICq5RLvF6-HS8tgtdEBBi57_lc62lXY7156aPtYsExSH6JbK7EYm4zq0av1gaUFgahhDBM8W29=w408-h544-k-no,-6.9208414,107.6053047,https://www.google.com/maps/search/?api=1&query=Nhame+Asia+Afrika+Bandung,2025
Greens & Beans,Cafe,Kuliner,"Greens & Beans adalah café di Jl. Bahureksa yang berspesialisasi pada menu salad, bowl, dan hidangan berbasis sayuran — tidak eksklusif vegetarian, namun sebagian besar menunya berbasis tanaman.","4,7",75000,100000,https://lh3.googleusercontent.com/gps-cs-s/APNQkAHQCEZ4xgvpIdSLiB_quLh7CVskfgAvBbwbURBLr-jd9zcmhhwdHwbCvDHhit5H0h39D5XKNmWBsYYP_SXcy_5xNO5-08_uVljtX54i9_Dc5c20W0ZsH6vmkK5xS5JCgrsZ4F_Q=w426-h240-k-no,-6.9050898,107.6145267,https://www.google.com/maps/search/?api=1&query=Greens+&+Beans+Bandung,2018
Rempha,Kuliner,-,"Rempha adalah restoran hidden gem di Jl. Bangka No. 6 Bandung yang mengusung konsep one stop visit dengan berbagai masakan dari negara-negara Asia Tenggara, dikelola oleh alumni MasterChef Indonesia.","4,7",50000,100000,https://lh3.googleusercontent.com/gps-cs-s/APNQkAFwgzLvrHsncrCiwsi59zFTo9gUToJvOAdulJca4WyOiLxm53ikasr-4PIaVb6EvTmEBuu9SR0WW5d4ALlZgnUt0hexCrxleYlIjUjQmLG3_bgVCs_KLRhr9-mGigkH3X9P23zY0sdf8RD-=w408-h725-k-no,-6.9145619,107.6190964,https://www.google.com/maps/search/?api=1&query=Rempha+Bandung,2022
Mie Sapi Pedas Merona,Kuliner,-,"Mie Sapi Pedas Merona adalah kedai mie di Antapani, Bandung yang menawarkan mie pedas homemade 100% halal dengan daging sapi cincang, tersedia dalam berbagai level kepedasan.","4,7",1000,25000,https://lh3.googleusercontent.com/gps-cs-s/APNQkAEmyO-IBpbnm-QUIYF1NMxMOKnXrcvj7k0_rE-GjW_bqigzEtuj9-ykD4dnVmHMbHvD-zDOgWK69JSjbSdhq35VthUGmP5W-6PvxzSFTdD-OhUu54iUq5IjQqaWZ3-bxq0v6Kg-tMFPsFyk=w408-h408-k-no,-6.9171926,107.6580926,https://www.google.com/maps/search/?api=1&query=Mie+Sapi+Pedas+Merona+Bandung,2023
Tiga Rumpun,Kuliner,-,"Tiga Rumpun adalah kopitiam halal di Jl. Sultan Tirtayasa No. 30, Bandung yang menyajikan hidangan khas Asia Tenggara seperti bubur, roti, bakmi, dan dimsum dengan suasana vintage yang homey.","4,5",25000,50000,https://lh3.googleusercontent.com/gps-cs-s/APNQkAFxE5XcG7QcCYZ53ziAVQnosqX2_AaWNZYcd0ynRgNqXKBRGtmck0Z6qIRCmC27ho7dLQBT7fwzQAe01gs-69SxoHtDNFGIL7DOUQlW5Njsi0Uc-Dq-It_KmSMGCI2McVadjkCwbx1Ny2UQ=w408-h544-k-no,-6.9036421,107.6145267,https://www.google.com/maps/search/?api=1&query=Tiga+Rumpun+Bandung,2024
Tostilas Vintage Store,Belanja,-,"Tostilas Vintage Store adalah toko thrift dan denim branded di Bandung yang menjual pakaian dan aksesori bekas berkualitas, dengan koleksi yang terus diperbarui.","4,8",25000,100000,https://streetviewpixels-pa.googleapis.com/v1/thumbnail?panoid=P7OMjWpxN4qsdETvkzzIBA&cb_client=search.gws-prod.gps&w=408&h=240&yaw=126.404305&pitch=0&thumbfov=100,-6.856235,107.5920875,https://www.google.com/maps/search/?api=1&query=Tostilas+Vintage+Store+Bandung,2021
Grammars,Belanja,-,"Grammars adalah ruang kreatif bergaya vintage di Jl. Cihapit No. 6, Bandung, dikelola oleh komunitas Norrm Radio dan Spasial. Menjual berbagai produk seni dan koleksi unik mulai dari vinyl klasik, majalah, poster, hingga merchandise lokal.","4,6",50000,150000,https://lh3.googleusercontent.com/gps-cs-s/APNQkAEIiBtVZJFZRQU9EhYZd6z1YigwQrqOMqp1JZZ9y8I1w2ZsgygzGEJEo-M34a1mapEUIJz3mGUMG5fz0SrvrIAr2oMFnPXlFOdblW5S_XZTqhTqL7I9cBhP_MB81UBPxsZIDGw=w408-h544-k-no,-6.9083343,107.62175,https://www.google.com/maps/search/?api=1&query=Grammars+Bandung,2024
Makna Dessert,Cafe,Kuliner,"Coffeeshop dessert di Bandung yang menyajikan kombinasi kopi dan dessert berkualitas seperti cake lembut, pudding manis, dan aneka pastry.","4,9",25000,50000,https://lh3.googleusercontent.com/gps-cs-s/APNQkAGkHH7ur0f_4fA0gw00M4NCxDIodIZqWSlGhTItikhwjDhWqZ7fiPMJJZJK9xyg9lPi5gN0vnFeSZzuIjNvmAueCrOy48oH6XpeisWauWngeQb2gBosjp1ZHEj66fWkGdQydr_7JdvNIyRd=w408-h306-k-no,-6.8955106,107.6352896,https://www.google.com/maps/search/?api=1&query=Makna+Dessert+Bandung,2024
Ton Kedai,Kuliner,Cafe,"Ton Kedai adalah kedai comfort food Indonesia di Jl. Cisadea, Bandung, yang dikenal dengan kuah kaldu pekat dan menu andalan seperti mie ton sapi gulung dan ayam goreng dengan saus wijen.","4,4",25000,50000,https://lh3.googleusercontent.com/gps-cs-s/APNQkAGqiCZFnO_8jTlimEh6R0dRs2CEuM4odvZ41oZO2yglJvNwjJL9qVHwDJAYtKLYGn8OCemcRnb06J3bdqEnqT4JN3wE647DlehITRb8LB_9p3RkQPKJcOG9WyvveOBi-79kicfnHg=w426-h240-k-no,-6.9076183,107.6332306,https://www.google.com/maps/search/?api=1&query=Ton+Kedai+Bandung,2023
Two Hands Full,Cafe,Kuliner,"Two Hands Full adalah specialty coffee roastery, café, dan retailer yang lahir dan berbasis di Bandung sejak 2013. Terkenal dengan kopi yang dipanggang sendiri (house-roasted) dan menu all-day breakfast, tersedia area indoor dan outdoor yang nyaman.","4,5",25000,125000,https://lh3.googleusercontent.com/gps-cs-s/APNQkAFz2vzE7YHcdaoCgE_W-uMHCWjRz_irCzcqWMcZ7YzEaIsihIndEAn59If4oyunQJs0LwS5Jg58ovkKz-fNqvEhdp4I5xNdVlUkX7Ny-qcUrn0FG7ItFFNjtIjtZeKi-SA9a-C3Sg=w408-h509-k-no,-6.8924806,107.6126885,https://www.google.com/maps/search/?api=1&query=Two+Hands+Full+Bandung,2014
Blond the bakery,Cafe,Kuliner,"Blond adalah bakery café di Bandung yang viral karena konsepnya yang clean dan minimalis, dengan pilihan pastry seperti croissant dan pain au chocolat sebagai menu utama. Suasananya homey dan tenang, cocok untuk ngopi santai. ","4,6",50000,75000,https://lh3.googleusercontent.com/gps-cs-s/APNQkAHrBAySzN6sKt9IAp9AWvNA596A0aK00wunfCjSlwfP3Irw5J2PPHRKzkHQ52nlO_4gOP1RKlbJDxJAMIU6NmvF2rQDL5i0SOOsH2n5Jt61Biv5Y0_oU9Hap4FrtcOtzPshUPTAhF_aBa0d=w408-h544-k-no,-6.8923205,107.6151278,https://www.google.com/maps/search/?api=1&query=Blond+the+bakery+Bandung,2021
SUGU Cafe,Cafe,Kuliner,"Sugu Restaurant berlokasi di gedung yang sama dengan Jiro Hotel, menawarkan konsep perpaduan casual dan fine dining yang buka 24 jam, sekaligus berfungsi sebagai ruang berkumpul dan berkreasi. Menunya lintas dunia — sushi, pasta, steak, rawon, hingga garang asem — dan mendukung komunitas seni lokal.","4,5",75000,100000,https://lh3.googleusercontent.com/gps-cs-s/APNQkAEiTHihjYCblJYonZyOnd_-QMgfoEJJ75HhQLeuWxa01CtojlYSHLg_Gq6hYI3t7mEO39NpIZH74HZLmKsTHfpHJSex98e3bpow8Pqu7D6dTuJnamJBPbHhZrXdHkOFOPu1F2ns=w408-h544-k-no,-6.9029187,107.6116616,https://www.google.com/maps/search/?api=1&query=SUGU+Cafe+Bandung,2024
HUMB,Cafe,Kuliner,"HUMB adalah kedai burger di Bandung yang buka setiap hari, dikenal dengan patty yang juicy dan menu-menu unik seperti The Luau Humb dengan topping nanas. ","4,7",50000,75000,https://lh3.googleusercontent.com/gps-cs-s/APNQkAH5CJP9CO_cQvAjkMGw9jrdi1eogMQKKYeV0tX7z35PdSVas9TEL5EEfpxQqT6uIeQXYfsfQqZc2d0olCTR0vDGo-t3Atp7rwQXe256CqYgQVzdwoDnPyFmRyJZOiyLHhYQMxMpdOFSsuw=w408-h544-k-no,-6.9256727,107.630349,https://www.google.com/maps/search/?api=1&query=HUMB+Bandung,2023
Imago Hills,Cafe,Alam,"Imago Hills adalah café di kawasan Dago Pakar, Bandung, yang menawarkan pemandangan kota Bandung dari ketinggian — terutama saat matahari terbenam dan malam hari ketika lampu kota berpendar indah.","4,5",50000,75000,https://lh3.googleusercontent.com/gps-cs-s/APNQkAECBzXPsu6AeTvQT_ZYhpzUr50XQxaQPgEWBs-BolhJOYOafS9oh6wbaKb5rgBly1O2vjq1VuCr0Y2jS2kZNuvkgvzdygA7j9KufLLO72pyYB1bOuvGULywUp6tmNjGgs5KPDGS=w408-h306-k-no,-6.8489494,107.647132,https://www.google.com/maps/search/?api=1&query=Imago+Hills+Bandung,2024
Wheels Coffee Roasters - Juanda (Dago),Cafe,Kuliner,"Wheels Coffee Roasters Dago (cabang ke-3) berlokasi di Jl. Ir. H. Juanda No. 256, menempati lahan hijau seluas 1 hektare dengan bangunan yang hanya mengisi 10% area, memeluk hutan di sekitarnya untuk menciptakan pengalaman makan di tengah alam.","4,8",50000,100000,https://lh3.googleusercontent.com/gps-cs-s/APNQkAG4VT4ZOikuQZFF7QruSVb-7OVxQa5dSyTPzbjHV0TBzIDSFNhRYERWvXXt5qcKJIJay_DmcHH0ZGEPsg5IbFT2VjPiQhgj--Sp6GuiQlZmMgt-SaA7dOsWv_cUFUFJFtwvDfwzXQ=w408-h612-k-no,-6.8815912,107.6159853,https://www.google.com/maps/search/?api=1&query=Wheels+Coffee+Roasters+-+Juanda+(Dago)+Bandung,2016
Skorz 23 Paskal,Hiburan,Wisata,"SKORZ Sportainment hadir di Mall 23 Paskal lantai 3, Bandung, dengan luas lebih dari 1.000 m² yang memadukan olahraga dan hiburan dalam satu arena — dari Ninja Flame, trampolin, laser tag, hingga mini golf. ","4,8",150000,175000,https://lh3.googleusercontent.com/gps-cs-s/APNQkAGIUd5mJF92O_pjx5v2S5TIxKtcXADT1UF0hPTXeReeSFlGdLaB0eSA4NFJhbWjaN7D5JfH_QDe5zyxugzdVmR9Be2wEnShF356j7mWvTUXIJnjnWNM5gsZd7Z9YYD4ddP1klW3ltEiaFV7=w408-h544-k-no,-6.9153751,107.5975304,https://www.google.com/maps/search/?api=1&query=Skorz+23+Paskal+Bandung,2019
Djaya Mandiri Sejahtera,Kuliner,-,"Djaya Mandiri Sejahtera adalah kopitiam klasik bergaya Belanda di Jl. Nanas No. 27, Cihapit, Bandung, yang hadir sejak akhir November 2024 dengan suasana tempo dulu dan menu sarapan terjangkau. Keunikannya adalah konsep ""sarapan malam"" dengan menu berbeda yang buka dari pukul 16.00–21.00 WIB, termasuk andalan mie Bangladesh pedas-gurih.","4,1",25000,50000,https://lh3.googleusercontent.com/gps-cs-s/APNQkAE42Csxn-_R7FOOyzaen1SqSVBCYvUuUmO514LIsZcarOY0-Ff6Okj7N-QX4IqldkhAVqj3XLiHgJsbraTFr3xtOtqFbJmRnabiqMOB_mwrIL00lCjhZxLCcXlzOQXRbl_e7dSSQwFPgOuN=w408-h544-k-no,-6.912513,107.6314686,https://www.google.com/maps/search/?api=1&query=Djaya+Mandiri+Sejahtera+Bandung,2020
Warung Sunda Eka Sari,Kuliner,-,"Ayam Goreng Eka Sari adalah warung tenda sederhana di pinggir Baltos, Bandung, yang terkenal dengan ayam goreng garing dan jukut goreng yang bisa ditambah sepuasnya.","3,5",25000,50000,https://lh3.googleusercontent.com/gps-cs-s/APNQkAF-fW0BioPl40gu88o2rICtML8ufxR42ti3IamZIqeqPiKgZCKdTh38TXPTj1IlyoMjYx_A3COrk5-S3VkY0079pIEWnJue2PvX2qbZGEwg-XF2qf-c1wGjK1gpo0b4rOQHF1o=w408-h544-k-no,-6.89919,107.6090046,https://www.google.com/maps/search/?api=1&query=Warung+Sunda+Eka+Sari+Bandung,2016
Bebek Kalio Ananda Japati,Kuliner,-,"Bebek Kalio Ananda adalah pelopor bebek dan ayam kalio di Bandung, dengan beberapa cabang di kota Bandung dan Cimahi. Bebeknya dikenal juicy, tidak bau amis dan tidak alot, disajikan dengan tiga jenis sambal pilihan termasuk bumbu khas seperti rendang.","4,7",25000,50000,https://lh3.googleusercontent.com/gps-cs-s/APNQkAEDyOM4k5QwiA2UPKDdZDR00iJiSPUXNQVN5x8KL6l7YhNVcuiqv9ZR-nrogm8le8XfgCos0Nz-GzlRts0-mtBagJv5bOpM-r2R5gArD8Dr5OllaHKeq9WEcuNUcdgdBcgxQD3g435wqVs=w408-h306-k-no,-6.8982344,107.6183447,https://www.google.com/maps/search/?api=1&query=Bebek+Kalio+Ananda+Japati+Bandung,2021
Ayam Sari Rasa,Kuliner,-,"Ayam Sari Rasa adalah destinasi kuliner yang populer di Bandung, menawarkan berbagai varian ayam goreng dan bakar dengan sambal pilihan — menu andalan utamanya adalah ayam goreng chili oil dan ayam bakar saus kacang.",4,25000,50000,https://lh3.googleusercontent.com/gps-cs-s/APNQkAE3ozW9v-AZ2rRX4vAqSUxiyUjSWSx6cDvxhJl8iWI-ZDNpreDTyrF-QCK7WLt4nAnyTIRNMbTtUORH0os0OYO8uE3bnVTDxGQizyuavYWsssE3jskMatg4AlVJ-xePkclYhCw=w408-h306-k-no,-6.9095141,107.6106328,https://www.google.com/maps/search/?api=1&query=Ayam+Sari+Rasa+Bandung,2015
Kisah Manis Huis,Cafe,Kuliner,"Kisah Manis adalah dessert café bertema nostalgic-vintage yang mengangkat manisan dan kudapan khas Indonesia ke dalam bentuk yang lebih modern, dengan beberapa cabang di Bandung yang masing-masing punya konsep interior berbeda.","4,7",25000,100000,https://lh3.googleusercontent.com/gps-cs-s/APNQkAEYPuv8i3JQRdeYDVP1MHfvXc0qxPhhutPn5pzZSy2MuK9VBrUIs-lo1AmRwu41zIODL67he4D1Nnmw9DcKuzCAGLhA4p9Bw2lPfDgFLKy8r_18NPf_pnsDZdD1198uIpzk4A21_tEz3tK2=w520-h240-k-no,-6.8701765,107.6071591,https://www.google.com/maps/search/?api=1&query=Kisah+Manis+Huis+Bandung,2026
Drunk Baker - Bahureksa 24,Cafe,Kuliner,"Drunk Baker adalah artisan bakery dengan menu andalan Hokkaido creamy bread, dibuat oleh baker yang belajar langsung dari Jepang menggunakan bahan-bahan premium yang juga didatangkan dari sana, tanpa pemanis buatan atau pengawet.","4,8",25000,50000,https://lh3.googleusercontent.com/gps-cs-s/APNQkAHIXvZCQIEuARNFX9fDcWTWe4g8mM9prSAmIJEUOsxuuXobwNuV6RVpS4_wILo783bV3YLUQXAQa1tkcJnIo76e5EZrJSrQOBmIDkZ2G77WkKzlyUCLwgMW0TKISEtPPHU2PmNE57Qf-iII=w408-h526-k-no,-6.9055379,107.6153636,https://www.google.com/maps/search/?api=1&query=Drunk+Baker+-+Bahureksa+24+Bandung,2022
Rumah Makan Wangi Seruni,Kuliner,-,"RM Wangi Seruni di Jl. Cimanuk No. 42 adalah restoran masakan nusantara yang didirikan oleh Chef Runy, terinspirasi dari resep masakan ibunya, memadukan cita rasa khas Sunda, Bali, Sulawesi, dan daerah lainnya dalam satu menu.","4,2",50000,75000,https://lh3.googleusercontent.com/gps-cs-s/APNQkAEyFiuBqSy_0mYfofdr4nDIONcG6t8hSNl6Z8v8oqm9HbKhqtAW5EJsZXNmq6lIa-6hYdMGjhjnYFQjkTl7roMLDYJVXZzw9SCzMJWIX2O1tu2hhiCHY3Wvx7E8hP7KSnOtecCSdLGEJqB3=w408-h306-k-no,-6.902466,107.6236504,https://www.google.com/maps/search/?api=1&query=Rumah+Makan+Wangi+Seruni+Bandung,2017
Nam Sai,Kuliner,-,"Nam Sai adalah restoran Thai halal di Ruko Setrasari Mall, Bandung, yang menawarkan pengalaman kuliner Thailand autentik — menu unggulannya antara lain Gai Yang dengan sticky rice, Chicken Tom Yum Noodle, dan dessert Tub Tim Grob.","4,4",25000,50000,https://lh3.googleusercontent.com/gps-cs-s/APNQkAHWlCohW4UU9Y0opMIIhj0vvGbMYGYn7R-vj0FbcwfWLeSaXE-I_en-kxczrK3lae007mS261OcoPCrDoYMehevXzJTbJqR5z-7aOLWZZ6DYix4blFMYDSql7eMsr6KIIXZhg5QWt7HY2Ur=w408-h306-k-no,-6.8812419,107.5821524,https://www.google.com/maps/search/?api=1&query=Nam+Sai+Bandung,2023
Kedai Roti Ibu Saya - Ummi Bakery by Helen Chu (CUMA LIMA RIBU),Cafe,Kuliner,"Kedai Roti Ibu Saya mengusung konsep ""kehangatan rumah nenek"" dengan nuansa klasik vintage, menyajikan roti bakar, pizza, burger, dan berbagai kudapan dengan harga yang sangat terjangkau, mulai dari Rp5.000.","3,5",5000,25000,https://lh3.googleusercontent.com/gps-cs-s/APNQkAH4u5P_laSsXwbXuGW_05WuiL4itMCVtxle-nl2QkIqvclON6ghMqOkOsZM9d2pyNyX8cryhjqAjR3gz9v7hYDveOn7jmBKMMSmKlqbOH2iLlKZa7qf_B_1aABb4VQbiv7kjLNcGw=w425-h240-k-no,-6.8977466,107.6099555,https://www.google.com/maps/search/?api=1&query=Kedai+Roti+Ibu+Saya+-+Ummi+Bakery+by+Helen+Chu+(CUMA+LIMA+RIBU)+Bandung,2021
Paddy Bags Studio (Bandung),Belanja,-,Studio tas DIY di Jl. Soka No.23A Bandung tempat pengunjung bisa membuat tas sendiri dari 5 model pilihan dengan warna dan akrilik custom.,5,50000,200000,https://lh3.googleusercontent.com/gps-cs-s/APNQkAFhszuRU9TYhGdH8wsklUL7pPMb_-KrraYuXqg0uRUS520uk320T0VQ88ycQNje0lXvagCopyLu7AtZGlZmQF_8Obs8Ih5bNcTRcEL4eQGNwyv2AvjlVnkMF62C7lcR3d81ojWUku6DRFE7=w408-h724-k-no,-6.915176374,107.6282247,https://www.google.com/maps/search/?api=1&query=Paddy+Bags+Studio+(Bandung)+Bandung,2020
Paddy Perfume Lab,Belanja,-,"Paddy Perfume Lab di Jl. LLRE Martadinata No. 139, Bandung adalah experience store dari brand lokal Paddy, di mana pengunjung bisa meracik parfum sendiri sesuai kepribadian, dipandu oleh perfume specialist dengan atmosfer lab yang colorful dan playful.",5,50000,200000,https://lh3.googleusercontent.com/gps-cs-s/APNQkAEFOVp5qvE7dtLHLaYbpSY3bf6Knw77oEwU8RmgNalqpizza7Nxv4Ugecc6AhZOBCxF3mGuoMKWrt_hfKjiB79i2OTjklfBMQKJa7vnFBLrkbKzy7F3ovB6sEgZlceyJlH7Kpdsf0xJMG8=w408-h544-k-no,-6.9086836,107.6247459,https://www.google.com/maps/search/?api=1&query=Paddy+Perfume+Lab+Bandung,2021
Paddy Playstore Backyard (Bandung),Belanja,-,Brand lokal Bandung sejak 2017 yang menjual aneka aksesori custom lucu-lucu dengan interior warna-warni dan instagramable.,5,50000,200000,https://lh3.googleusercontent.com/gps-cs-s/APNQkAGnd_v2zbaZxaDYndU_PYMaasNX2xA5BkjY8qJTkeAJ9MDHfDZZ5C_gTBG9-A0bKTQlbxHAXPyNt27RS8TbhUQr3xj72Ephma2aJrbBeOtp_s4EXWTkw1NWNDbVDiKmkZQgaog9kg=w408-h544-k-no,-6.9153534,107.6260638,https://www.google.com/maps/search/?api=1&query=Paddy+Playstore+Backyard+(Bandung)+Bandung,2022
Grainsly - Progo Bandung,Cafe,Kuliner,Resto di Jalan Progo yang terkenal dengan slim toast dan tunacado — isian tuna mousse tebal dengan tekstur creamy dan crunchy.,"4,7",50000,75000,https://lh3.googleusercontent.com/gps-cs-s/APNQkAGryMxW1BBsC5WnMUwFxC_9NqQ1XRBtBACZ65EURRfEA9qi87peURPUa95sg7LAi7O--ym4T331A__lHjXFQDTx5gzXqxKWG0YpWT4KhyOg09hdxfEo_e4ERZUZlYW87W9_bT9gbcAV9vw=w408-h544-k-no,-6.9049952,107.6193617,https://www.google.com/maps/search/?api=1&query=Grainsly+-+Progo+Bandung+Bandung,2024
Rochi Bandung,Kuliner,-,"Toko roti di Jl. LLRE Martadinata dengan konsep unik roti empuk berisi mochi kenyal, dikemas dalam wadah anyaman bambu yang estetik.","4,4",20000,50000,https://lh3.googleusercontent.com/gps-cs-s/APNQkAFXnOEXqRAgyJnW1uOW7qT2K7fN1na0W2aJLCWOLuBH5Ca0AGmlHqntVkTJrG2BwmwFXAFjymGtDbTwChG9AUdyv3eN8umQqvcVF1ahWEKxp8lomrJEiFFPYRdXEjRm0ruRW--nigtrlL6d=w408-h544-k-no,-6.905953,107.6162822,https://www.google.com/maps/search/?api=1&query=Rochi+Bandung+Bandung,2024
Kampung Kecil Bandung,Kuliner,Cafe,"Rumah makan lesehan masakan Nusantara di Jl. Perintis No.140 Sarijadi, Sukasari Bandung. Berkonsep suasana kampung tradisional dengan area lesehan bertema RT 01, RT 02, dan kolam ikan di tengahnya.","4,9",50000,75000,https://image.idn.media/post/20260522/upload_10379d5c40b0095667fd229a307cf98f_22c77753-49ba-4249-9e6d-1f96e0eae46c.jpeg,-6.881073909,107.5783598,https://www.google.com/maps/search/?api=1&query=Kampung+Kecil+Bandung+Bandung,2018
Luca Pasta & Steak,Kuliner,-,"Restoran Italia di Jl. Lombok dengan konsep elegan yang menawarkan pasta, steak, dan dessert premium dengan harga yang masih terjangkau","4,4",50000,75000,https://lh3.googleusercontent.com/gps-cs-s/APNQkAGjRSmgK5HniTsLG13Sm_4e2xDtRMXO4zMT3b6lIE2XnZkq2_h37MwS5_dAHRB0gcVw0tvjkFyw7TubPcSvwK42ub3QovW7_W3ZMrsrkT3W1fSa5ezus70mUFeuMW7RSLqfHK12Ssw2s5gu=w426-h240-k-no,-6.9114934,107.6187926,https://www.google.com/maps/search/?api=1&query=Luca+Pasta+&+Steak+Bandung,2024
Steak Republik / Osenggol Osengan,Kuliner,-,"Resto di Jl. Lengkong Kecil dengan konsep unik ""warteg western"" — steak berkualitas dalam suasana santai ala warteg, favorit anak muda dan mahasiswa.","4,4",50000,75000,https://lh3.googleusercontent.com/gps-cs-s/APNQkAFad-b9rUYoxS5JnTPqyRUdmVMDkCydZ0Vk9p5dVFGbzxdLstuTMNmm5sZi3qi4q4Eh8gDmLswa--WyOsUvgDuPcciOwFNUu5eqEDG1mm9dX9_lbLRAtsPJacxfzq1TftS37m9T=w408-h544-k-no,-6.9230683,107.6134632,https://www.google.com/maps/search/?api=1&query=Steak+Republik+/+Osenggol+Osengan+Bandung,2016
Homeground Restaurant,Kuliner,Cafe,"Cafe & resto bergaya minimalis modern di Jl. Gn. Batu, Ciumbuleuit, bagian dari penginapan Bungalow, dikelilingi pepohonan hijau dan area kaca yang estetik.","4,2",50000,100000,https://lh3.googleusercontent.com/gps-cs-s/APNQkAHoAVIlxrJZ915fIs5LE3oRdmJ_m0b6M5GdIYPRzR8NgbJPjXT3DHT4yz2BaEUPwSwf_nAZFUa6EGKofETxlEEg_UHV9TdpYZIOfe5w2sV9h-wNqz2o2UkVwQu08xGCcYwNtn8JbA=w408-h544-k-no,-6.8698075,107.607285,https://www.google.com/maps/search/?api=1&query=Homeground+Restaurant+Bandung,2023
WŌRK-UNUSUAL,Cafe,Hiburan,"Coffee shop ala Japanese di Jl. Buah Batu dengan desain modern hangat, tersedia indoor, semi-outdoor, dan meeting room — cocok untuk nongkrong maupun WFC.","4,7",25000,50000,https://lh3.googleusercontent.com/gps-cs-s/APNQkAFhUFY4OsG4rp7nXi8486V6qgvAxmWbO6xk2gh85v29629B0SVGoSyFo3lBkzfvzm3wWTwytVhXY3eRBQzBDlsEFLhIE0yUYYuLCl0ZB0O9Aip4qFsdAa7UBf6MaRxpwMI1ckXt_w=w408-h544-k-no,-6.9344369,107.6199715,https://www.google.com/maps/search/?api=1&query=WŌRK-UNUSUAL+Bandung,2024
Dough Deli,Cafe,Kuliner,"Toko donat artisanal di Jl. Cendana yang berfokus pada kreasi donat unik seperti Biscoff Cheesecake dan Butterscotch Popcorn, dibuat dengan penuh perhatian.","4,7",25000,75000,https://lh3.googleusercontent.com/gps-cs-s/APNQkAEu7c8ojz5J4bsJ3keFdLZLb9yloeEBUNY2sBqBa09u2-ReKNlelHQn1qI_TCVYkqqDBfD9z7k7xz4DSeK9Lp_knPM6FPP7kXmgYLPO7lt0tQYeGnZEGTzqr-ypAJS3byi2x3jW=w408-h544-k-no,-6.9089961,107.6279019,https://www.google.com/maps/search/?api=1&query=Dough+Deli+Bandung,2024
Rumah Lezat Simplisio,Kuliner,-,"Restoran di Jl. Karapitan yang menyajikan menu dari berbagai negara — Jepang, Korea, Italia, Vietnam, hingga Indonesia — dengan harga bersahabat.","4,5",25000,50000,https://lh3.googleusercontent.com/gps-cs-s/APNQkAEUQfTyE7a4K9nYAd1BkRAht0lZk5TMGKpkBMZpwfsqqBjURbiL6d4r8Scbtdkvxsn8Yc5i-eKl_qQDPD75D68m4pdYc7E4pivtJAfjgRvjGk3HbryB_2NZsr2LTAUURsdaCKdbqfltBDyo=w408-h306-k-no,-6.9261399,107.6173089,https://www.google.com/maps/search/?api=1&query=Rumah+Lezat+Simplisio+Bandung,2023
FORK,Cafe,Kuliner,"Cafe industrial-chic di kawasan Braga yang buka 24 jam, dengan andalan Smoke Set Menu — brisket smokey lembut, mac & cheese, dan salad segar mulai Rp50.000-an.","4,6",50000,150000,https://lh3.googleusercontent.com/gps-cs-s/APNQkAETsYUqHUPl_cx2tDnXz90d4U2t4W19s6u-iM1AZdOnsC-LgnXdpAQGoDupVF-wGy3h87w8kKfOeZNwnJTNIJrK6wCdMeQpDiiWlDZEA84mcTn8GGqdissV6mJe-Ym946HXsNGFJO3qwfH8=w408-h544-k-no,-6.9164042,107.6094078,https://www.google.com/maps/search/?api=1&query=FORK+Bandung,2019
Wot Batu,Wisata,Alam,"Galeri seni terbuka di Jl. Bukit Pakar Timur, mahakarya seniman Sunaryo yang memajang 11 instalasi batu vulkanik yang tersusun harmoni menyatu dengan alam.","4,7",25000,50000,https://lh3.googleusercontent.com/gps-cs-s/APNQkAEjDsMTpSqw0zcXtNR-sD423pr6X3vDd3UJ_Ep33_xAM29A23hyCtQjsQvYV_WSC1orG2NHopDKEoxxDHSLv7A6aZZTbO3B4dfCmTOsOPHZw_bgGL4j9Z3hz3PXeEVaBnLlQ34x=w426-h240-k-no,-6.8596548,107.6361348,https://www.google.com/maps/search/?api=1&query=Wot+Batu+Bandung,2018
Selasar Sunaryo Art Space,Wisata,Museum,"Galeri seni nonprofit yang berdiri sejak 1998 di Jl. Bukit Pakar Timur, didirikan Sunaryo untuk mempertemukan karya seni kontemporer dengan audiensnya.","4,6",35000,50000,https://lh3.googleusercontent.com/gps-cs-s/APNQkAGHkT7owym74RkVbpwMhGtcBZVxGh4Rw50UYX2Z--C6RC4jLVzEk-EEfCM3fKI9fecVxVUN1TcjFucXJdGhqdvvLbGNj_b0ToG0XHpkEc_RwEbm0ZDIMpebVMJ81OD_QWRpTHe0=w408-h306-k-no,-6.8585479,107.6364596,https://www.google.com/maps/search/?api=1&query=Selasar+Sunaryo+Art+Space+Bandung,1998
Opera Courtyard Bandung,Cafe,Kuliner,"Café di Jl. Bukit Pakar Utara, karya desainer Dendy Darman, yang memadukan nuansa alam sejuk dengan arsitektur instagramable dan taman yang luas.","4,5",50000,100000,https://lh3.googleusercontent.com/gps-cs-s/APNQkAHVX5lcQ4_0kcx4AK2XBgbBuA7oSL2amFwxeZlrUTIqcJbIaDBg0cVNwqLQ3UDBcJ_V04aZDKuGMbtX1pbP14-dnHJ7WcyMSuz4ZvhT8ZKPqDb7pQEwdVrvVs3CjCa6HQJkgCt79Q=w408-h544-k-no,-6.8571846,107.6350965,https://www.google.com/maps/search/?api=1&query=Opera+Courtyard+Bandung+Bandung,2024
Cafe D'Pakar,Cafe,Wisata,Kafe di kawasan Dago Atas yang menawarkan suasana tenang di antara pepohonan pinus dengan pemandangan Kota Bandung dari dataran tinggi.,"4,5",25000,50000,https://lh3.googleusercontent.com/gps-cs-s/APNQkAHNbcEpcgXjDWYB-eJnqziZ3isO54Ul3YbJPs7KrBLSF1NMu4IpmyINU3KmurkZGYZS6SlOxOyLcUDtpPuR9Qz9psvo8lHyoZJ6XKhYHEIvSELwRtNLJsoicVwh1nA9aOXH16kLGqp5q-Qz=w408-h306-k-no,-6.8467166,107.6497171,https://www.google.com/maps/search/?api=1&query=Cafe+D'Pakar+Bandung,2013
Imah Seniman,Wisata,Kuliner,"Kawasan wisata seluas 15 hektar di Lembang yang menawarkan berbagai konsep dalam satu tempat: makan di hutan, menginap di danau, memancing, dan outbound.","4,4",550000,1000000,https://lh3.googleusercontent.com/gps-cs-s/APNQkAEcBPjtceEwjGhHPo8kBSWpBhNzmbjfu1oZXHDUjKHNrbsxyrFROOOy2K3Gkdsphv5-fUPONFCMQoUd-SvBH_Y24mRtsmexqWxAdus5oWxb_LOuPeiisK5ti5S_quuBShxIteTe9SDUa1Y0=w408-h272-k-no,-6.8218893,107.6063488,https://www.google.com/maps/search/?api=1&query=Imah+Seniman+Bandung,2005
Gia's Grange,Cafe,Kuliner,"Café di Jl. Raya Tangkuban Parahu, Lembang, dengan desain barn rustic bergaya Khao Yai di tengah kebun bunga warna-warni, ramah hewan piaraan","4,4",25000,50000,https://lh3.googleusercontent.com/gps-cs-s/APNQkAFPIGkpDD_x6QC2Hxsax6MaQ-6hC4yMltiRmPtM2a9boBEV6GVVQkW1Wz9-Gtsab1X05kIoBQz1NIwPhmTuKCoYkP7zChl9g8dY5wx6bMJSgnc8Ii9-aK1FUYFD2xf-lIZlZhxLnnpG0Co=w425-h240-k-no,-6.8092206,107.6275585,https://www.google.com/maps/search/?api=1&query=Gia's+Grange+Bandung,2024
TONES NO.6,Cafe,Kuliner,Café di Jl. Terusan Cisokan yang dikenal dengan perpaduan kopi berkualitas dan musik vinil klasik yang menciptakan atmosfer hangat dan penuh nostalgia.,"4,6",25000,50000,https://lh3.googleusercontent.com/gps-cs-s/APNQkAE1GkMiQ6dOhguCJAlVK6MefGN890_kVDabQDNFS2gQo4tgXRfxVOi2pj3tgC4hLsp6lpwfbYtbVibQkbFJzWU_VpCRWabl0cBh07Rn_nTwqdGfJyXenzUY9t1MywBUfiuIfBhnZw=w408-h306-k-no,-6.9022085,107.6324978,https://www.google.com/maps/search/?api=1&query=TONES+NO.6+Bandung,2024
Skyward Project Bandung,Hiburan,Wisata,"Taman hiburan tematik steampunk di rooftop 23 Paskal Shopping Center dengan wahana Flying Fox, seluncuran tematik, dan playground edukatif untuk keluarga.","4,6",50000,150000,https://lh3.googleusercontent.com/gps-cs-s/APNQkAF6BQDrAPmdotiftFDtsHsZHpxFzSfanj-kdGrhYlNcmySs858jGnttuOpeYZ1B2uPxMqTjGULLq1t9BfhH8v6F-USkUhjow--dtGy50LlKjCPo9EMnjIbLTpJRe3sWgnvTRwTCcvcjXCU=w408-h271-k-no,-6.9154716,107.5946028,https://www.google.com/maps/search/?api=1&query=Skyward+Project+Bandung+Bandung,2023
NuArt Sculpture Park,Wisata,Museum,"Galeri seni seluas 4 hektar di Ciwaruga, didirikan pematung I Nyoman Nuarta, yang memadukan ratusan karya seni patung dengan suasana alam yang rimbun dan tenang.","4,9",50000,100000,https://lh3.googleusercontent.com/gps-cs-s/APNQkAH-DE6JzOeus4ADQ6e31EpSulw16cegt-ySmgqZWa-0iPVViW0G7sk27MgdTuWAAHYbsP-aG44DWcwmELJIk6tB8-aDRly4cRZr_5h04t2Ckro45bn7JnMMoL9oSNz1_iDdpJ8ocQ=w408-h306-k-no,-6.8779724,107.5718915,https://www.google.com/maps/search/?api=1&query=NuArt+Sculpture+Park+Bandung,2000
Mercusuar Cafe & Resto,Cafe,Wisata,"Cafe & resto bergaya kastil Eropa abad pertengahan di kawasan Cimenyan, dengan rooftop berbentuk istana gothic dan pemandangan Kota Bandung dari ketinggian.","4,5",25000,125000,https://lh3.googleusercontent.com/gps-cs-s/APNQkAFjP4jkC4v7aqxlrMB3YZl1OjkbwPQivrwSkQOIcpIonaXfXjjIyOpVTpwRLiu6ixVg63b_2oo4tuzpTdnBUJnk4j_GZrIQTjyN0PljZWSQewkOxfUs9vb5cWshC78voWKCT84i=w408-h544-k-no,-6.864996,107.6311512,https://www.google.com/maps/search/?api=1&query=Mercusuar+Cafe+&+Resto+Bandung,2020
Nempoe Cafe Views Bandung 180°,Cafe,Wisata,"Café & Resto viral di Cimenyan yang menawarkan pemandangan luas Kota Bandung dan Gunung Manglayang dari ketinggian, dengan dekorasi unik seperti mobil klasik dan motor Harley Davidson.","4,7",25000,50000,https://lh3.googleusercontent.com/gps-cs-s/APNQkAH_NnHsuXgSHrvS447-AFMRSEWhz6asqQuK2CUVBOleifFFUto5MvigX2XoRJv4EsQOHX85FLoAdYpRO9YL8NjyZhrgzUJtXVv6FamqouapEv57LJ2nyyjs_R9VqJNGHtsnQTp-aeLgdTPI=w426-h240-k-no,-6.8691982,107.6802047,https://www.google.com/maps/search/?api=1&query=Nempoe+Cafe+Views+Bandung+180°+Bandung,2025
The Lodge Maribaya,Wisata,Alam,"Destinasi wisata alam di Lembang sejak 2005 dengan tagline #escapetonature, menawarkan wahana seru seperti Sky Tree, Hot Air Balloon, dan glamping di tengah hutan pinus.","4,3",50000,200000,https://lh3.googleusercontent.com/gps-cs-s/APNQkAF4n3puhFz81c-1123QKbJYfPYm3Y_rd_VR1GzgGm5wkpx95ntK97V10tovfmjZ3_htCuQVJm-UoH1ZsyUEAOcC7TJb5x4jMvTCzfcW8m9oe4bzq56kApahJNcHwO0ykOYNL11tkA=w408-h272-k-no,-6.8293551,107.6874279,https://www.google.com/maps/search/?api=1&query=The+Lodge+Maribaya+Bandung,2015
Dusun Bambu,Wisata,Alam,"Wisata alam eco-friendly di Lembang dengan arsitektur bambu khas, restoran berbentuk sarang burung di atas air, danau, sawah, dan berbagai wahana untuk semua usia.","4,5",40000,200000,https://lh3.googleusercontent.com/gps-cs-s/APNQkAFlynj1leTmnlDfiQ7hkX9yZqWv49C1BWE4_q0rDY_YskQpGhQohzy1EupOyXGHGnbw-ul1HQNTEsa4D6eWQW1DfGKFOMcNh9jYCqElFFVbKmMJFbvL6HWB0xR0Co2KahFGj74S=w426-h240-k-no,-6.7895621,107.5768283,https://www.google.com/maps/search/?api=1&query=Dusun+Bambu+Bandung,2014
Game On Arcade,Hiburan,-,"Arena permainan arcade futuristik pertama di Bandung, di Jl. Karang Layung, dengan 9 jenis game fisik interaktif berbasis LED untuk 1-6 orang per sesi.","4,5",85000,100000,https://lh3.googleusercontent.com/gps-cs-s/APNQkAEG-z4w-o0DcCL3YgR1jRvk7nBP9eNd7UPJoGHW7iE5HqzQPY0oGAISR5FjwHV4o1ZoIVUitmOkuGC_EtNJlbBQSDwLKi9DFk5p1UYqNo0_s7DCjMsLdYbv_DehMEfcm3iG3lrSRMJiq_hg=w408-h544-k-no,-6.8811542,107.594382,https://www.google.com/maps/search/?api=1&query=Game+On+Arcade+Bandung,2024
Paris Van Java,Belanja,Hiburan,"Mall sekaligus destinasi wisata ikonik di Jl. Sukajadi No.131-139 Bandung yang resmi dibuka Juli 2006. Mengusung konsep open-air bergaya Eropa dengan berbagai tenant fashion, kuliner, hiburan seperti ice skating, PVJ Carnival, Sky Garden, dan air terjun buatan Curug Langit di rooftop.","4,6",0,100000,https://lh3.googleusercontent.com/gps-cs-s/APNQkAFJ77j0eUYrc-EZIwy-5T_0ZQIhqBCwHym0jXigojcsacNvR4aOJIpowarKnuxG0FZRKUH-j6tNx4pCvAG7_7n8TwkOcjaJ6ZhBPgvcs3IVLYsqdsMLF36xWcZyd5rGi2jKfExoN9-FPd5-=w408-h541-k-no,-6.8895641,107.5960068,https://www.google.com/maps/search/?api=1&query=Paris+Van+Java+Bandung,2006
Lighting Art Braga,Wisata,Hiburan,Destinasi wisata seni cahaya yang resmi dibuka 11 Desember 2025 di Jl. Braga No.103 Bandung. Menghadirkan lebih dari 24 spot foto instalasi cahaya artistik yang menawan di kawasan heritage Braga.,5,40000,100000,https://lh3.googleusercontent.com/gps-cs-s/APNQkAGUChcd8EonlztVb-IfRato-DxQ-bzdUZDUVDp1QzHC3eRF-QBC-N-KZu91VZWDKUFf66uKwEC3pAROc_JS-SikLjhDIWZNot4Tzf71HZs2PaGkUIqA3BxPbN2c--S4qVnOM32Ad0J6XxcW=w408-h401-k-no,-6.9169318,107.6091155,https://www.google.com/maps/search/?api=1&query=Lighting+Art+Braga+Bandung,2024
Room 23 Merch Store,Belanja,-,"Toko merchandise K-Pop di Jl. Anggrek No.34 Sumur Bandung yang menjual berbagai fanmade merchandise, aksesori lucu, dan menyediakan photobox SnapLab.","4,6",50000,150000,https://lh3.googleusercontent.com/gps-cs-s/APNQkAE6kgNWusvN20OwVFULKOT22JcujMHQ4OGjbMKmnSkMm3JO4IvS2dHWTDrGSrD-EtBksJ4XcsSsg_XB50TJqyRI-wLQ5nkPcfKtEFxumvbooS7CezmiXKTb63v8tmwVuV3AMFJf=w408-h544-k-no,-6.9132685,107.6281793,https://www.google.com/maps/search/?api=1&query=Room+23+Merch+Store+Bandung,2021
Grey Art Gallery,Wisata,Museum,"Galeri seni di Jl. Braga No.47 Bandung yang bertujuan mengenalkan dan mendukung karya seniman lokal. Berlokasi di bangunan bersejarah N.V Hallerman tahun 1930, dilengkapi kafe, toko souvenir, dan ruang pamer berlantai tiga.","4,7",25000,35000,https://lh3.googleusercontent.com/gps-cs-s/APNQkAGU1POkXu1f3zT0sl3lHcuJTSAjwf2EfIau3S6l7FZmTEMAvrNukQ64spsjRnRQ12kpL8lHjt8LSWTBhsL8uqxdShMQABMdkdLlxe8dNOsLgpuq3qmkRWHi2InPg4zaSKn_xB2u=w408-h306-k-no,-6.9186002,107.6094795,https://www.google.com/maps/search/?api=1&query=Grey+Art+Gallery+Bandung,2017
Kawah Rengganis,Wisata,Alam,Kawah vulkanik aktif di kawasan Ciwidey Bandung Selatan yang dikelilingi perkebunan teh Rengganis. Keunikan utamanya adalah Jembatan Gantung Rengganis sepanjang 370 meter — jembatan gantung terpanjang di Asia Tenggara — yang terbentang di atas jurang dan perkebunan teh.,"4,4",15000,50000,https://lh3.googleusercontent.com/gps-cs-s/APNQkAGpj02X-BD6M8lgWTBkUBbbPgdjJ8ARumKyrKCsyVJ7jSYt63L-9a_4dgZ_Oa7fjny2S5_BhvN1J4PFPc519YfX57q_Zj5qXH6D70KA99FYjSxFADs3cCEvmK1gRl74H0Jh5-ouLA=w426-h240-k-no,-7.1724375,107.38,https://www.google.com/maps/search/?api=1&query=Kawah+Rengganis+Bandung,2018
Toko Bubur Dibawah Pohon Rindang Cibeunying,Kuliner,-,"Tempat sarapan khas di  Bandung dengan konsep open kitchen dan area duduk di bawah pohon besar yang rindang. Menyajikan bubur ala Kanton dengan berbagai topping seperti ayam gunting, saikoro beef, dan camilan seperti dimsum dan lumpia kulit tahu.","4,6",25000,50000,https://lh3.googleusercontent.com/gps-cs-s/APNQkAEc42M7ZJuiQRquTi8M45qpkdihfa8rwXYXxePSIgPfnvZCFdjG65LR5VCL2MFxj8-XVENgkcCMESVEXK22mXyaYPodbZu7FbpWvuZRBXl6iedxD7O8lfIID2SIqc-KG6WxvNn1GAtzpVP7=w426-h240-k-no,-6.9042836,107.6245235,https://www.google.com/maps/search/?api=1&query=Toko+Bubur+Dibawah+Pohon+Rindang+Cibeunying+Bandung,2023
Noah's Park | Wisata Lembang Bandung,Wisata,Hiburan,"Tempat rekreasi di Jl. Sukanagara No.20 Lembang dengan berbagai wahana menantang seperti ATV, go kart, luge kart, flying fox, trampoline, bumper ball, dan bull ride. Tiket masuk gratis, hanya membayar per wahana yang ingin dicoba.","4,6",20000,250000,https://lh3.googleusercontent.com/gps-cs-s/APNQkAGL2lXGQXe53JqBi0vuCx1aLO3F-TZxOt-z69caldO354hfU9FDjqJ2VzherxDWZML_CuuR10FwGtWRucSt6Tqsly5uB9I2a9FWbZx2PxSCLxbU3A1NQrhx6LexAYFD4P1sMKry=w408-h544-k-no,-6.8302191,107.6341164,https://www.google.com/maps/search/?api=1&query=Noah's+Park+|+Wisata+Lembang+Bandung+Bandung,2021
Hidden Farm Plantshop Cafe,Cafe,Alam,"Kafe hidden gem di kawasan Dago Bandung dengan konsep alam alami, suasana tenang, perpustakaan, dan kucing-kucing jinak yang bebas berkeliaran.","4,7",25000,50000,https://lh3.googleusercontent.com/gps-cs-s/APNQkAH6EO_kPwTt5KVbUYttIw9lCRWOS97IVzWuMRDkCKW1fsROhOcPClnr_DLDPVafqqZnWWswOWg4K1f18dP7KcGxZTczpqJOUc8q6aVGTMEupkF9mM2Lj7e6DkCLdr3NzQ3grYkCjHDXA60=w408-h306-k-no,-6.8578424,107.6370984,https://www.google.com/maps/search/?api=1&query=Hidden+Farm+Plantshop+Cafe+Bandung,2022
Hutan Mycelia Wahana Edukasi & Interaktif,Wisata,Hiburan,"Destinasi wisata malam di kawasan Terminal Wisata Grafika Cikole, Lembang yang menggabungkan keindahan hutan pinus dengan instalasi cahaya warna-warni dan elemen audio visual yang memukau. ","4,6",50000,150000,https://lh3.googleusercontent.com/gps-cs-s/APNQkAH73uUrnH1j711Dok_sPhl_Oa3bQ8tTS-dv8BmcgA5Bge5SFrwTJdo-1QINX7H2yy_ScwdyXEqxoHavWDn3JpAVnL5ObVnfSks9D6bscW36Gxr6lRmHQdUEPgu2-ak4o2YCXoI0PuM7p2Ht=w408-h544-k-no,-6.7854682,107.6516053,https://www.google.com/maps/search/?api=1&query=Hutan+Mycelia+Wahana+Edukasi+&+Interaktif+Bandung,2022
Bakso Bintang Asia,Kuliner,-,Restoran bakso di Jl. Sabang No.63 Cihapit Bandung yang viral karena cara penyajiannya menggunakan kuah khas Pho Vietnam.,"4,4",50000,75000,https://lh3.googleusercontent.com/gps-cs-s/APNQkAEumRZRJ7kjx9Uwt9DIluPgNYZqPFgaOJSViNLikcaCZETRSFmSeM7qvdqOZ_suHBDcTOYWNCLI9h5YIT4IAH6dhlSWzbia68yHMns6tpV4MTjC7A5ToCx9NgQUTAJrlJQnEei_ZhdlWaE=w408-h306-k-no,-6.9078334,107.6226518,https://www.google.com/maps/search/?api=1&query=Bakso+Bintang+Asia+Bandung,2024
Humblezing,Belanja,-,Tempat pembelian baju tema kalcer yang ada di tengah kota Bandung.,"4,8",50000,150000,https://lh3.googleusercontent.com/gps-cs-s/APNQkAH7W0x1D8igOPLREbum2md8T-xvoTAz_YGFzRiTdofCGjXeBWhvegqpn3vCUOKfFETJyLagg6EsJ7niz22D7ycXiDt93DQtvSBq4M3wp6PAxkurihurN6Is2hwpcOIf3CHrp4CAZ8SEuEJV=w408-h544-k-no,-6.9086513,107.6219694,https://www.google.com/maps/search/?api=1&query=Humblezing+Bandung,2023
BMB Burger,Kuliner,Cafe,"Kedai burger dari manajemen BBQ Mountain Boys dengan menu burger premium bercita rasa tinggi, menjadi salah satu burger favorit di Bandung.","4,6",75000,100000,https://lh3.googleusercontent.com/gps-cs-s/APNQkAGr2VXj-NiKpxFKagg-wum4-PB-7EiJj5K43XBYg7MWe8a1oloQVPhTMWOrrC-Y8uBjVAtw7uAVU48u18Lp4kMCIQhnj9wkPUUrRoKJsm22PFiL-pJrthjjglnUoWOlWLPVuXJDAYjQK8Pq=w408-h543-k-no,-6.9144264,107.5929779,https://www.google.com/maps/search/?api=1&query=BMB+Burger+Bandung,2019
MIZU SIGNATURE FAMILY MASSAGE & REFLEXOLOGY,Hiburan,-,"Tempat massage di Bandung, cocok untuk rilekskan badan dengan nuansa hangat dan nyaman.","4,8",100000,500000,https://lh3.googleusercontent.com/gps-cs-s/APNQkAGXKTIlWAzhaQqA4HH9ui32DBxGYDRGfhkOZ3zSqM19BmpswlX3UZkoY2Y5eYXt6aUqduv1ObYhfHxWU1IqthGFqj3PPmac_tkqDGMqEkPyTBz2-EI3lb2FWnFbEUuIjU5OSPmAdoeUGW5G=w408-h544-k-no,-6.9123245,107.6279744,https://www.google.com/maps/search/?api=1&query=MIZU+SIGNATURE+FAMILY+MASSAGE+&+REFLEXOLOGY+Bandung,2025
Alun-alun Kota Bandung,Wisata,Hiburan,Taman kota bersejarah di jantung Kota Bandung yang telah ada sejak tahun 1980-an.,"4,6",0,0,https://lh3.googleusercontent.com/gps-cs-s/APNQkAFNd1QYkIncz_crnpu00BwAjtSznnjwVP_InZx2Es3H0TkScu051sd3RoIHBHH-pNEDZVXxFqT4JRm8YFowFkIs49In10mzz0f1H34xE8dU9qpG1itbPYiAb_EOIFnbqIEXuGR1Yw=w408-h306-k-no,-6.9218295,107.6070623,https://www.google.com/maps/search/?api=1&query=Alun-alun+Kota+Bandung+Bandung,1811
Warung Nasi Ibu Imas,Kuliner,-,"Warung nasi Sunda legendaris di sekitar Alun-Alun Bandung yang sudah berdiri sejak tahun 1980-an, menyajikan masakan Sunda otentik yang menggugah selera.","4,2",25000,50000,https://lh3.googleusercontent.com/gps-cs-s/APNQkAGcSvdPHnbxIGkoTW9e7tS8hrDOU1PU6IuEFhKJvSuzZ-cq8lSvHG4BO4wPoYOminH7Zg4_9olTFnB4dc1NDgoD98ls9cmBa8AsfcNOkXBgvZZ0mH0JVqNUn0Yk_Ys8X7VWI5UcSe8cSx8=w426-h240-k-no,-6.9273245,107.6070919,https://www.google.com/maps/search/?api=1&query=Warung+Nasi+Ibu+Imas+Bandung,1980
Museum Pos Indonesia,Museum,Wisata,"Museum di Jl. Cilaki No.73 Bandung yang menyimpan 131 juta keping perangko dari seluruh Indonesia dan dunia, serta koleksi 200 peralatan menyurat seperti alat cetak perangko, kotak surat, dan timbangan paket.","4,6",0,0,https://lh3.googleusercontent.com/gps-cs-s/APNQkAGHSe8435XeP1h5S5Pb7q31BBp1LX11oCaOQMd5LcUXluei6QeUW4C_yPEP_LfNzVlW-ViCSU8Fyk9x-2sKf0QFui7df4966js_d8SpTn6C0ppUFxjTgKj0l2r2MN3bZLu7ppLirQ=w408-h306-k-no,-6.9020615,107.6197439,https://www.google.com/maps/search/?api=1&query=Museum+Pos+Indonesia+Bandung,1983
Museum Kota Bandung,Museum,Wisata,"Museum yang fokus pada sejarah berdirinya Kota dan Kabupaten Bandung serta perkembangan seni, budaya, dan teknologi. Menampilkan gambar tokoh penting dan sejarah Kota Bandung dalam bangunan tua yang berkarakter.","4,5",0,20000,https://lh3.googleusercontent.com/gps-cs-s/APNQkAEJRXhzr2BsGRuDRzTei4q_XavMTRSRwUHeSat9TiW0WFGZn1iAjZZz9KUtFjgXi8CJWuwJqhFKfBsbfDiwSdm5ZVGozLhFlN_Q9s0qVmb9Fc_ivYN_qAJng76ExK0uk_sO4u0d5A=w408-h306-k-no,-6.9099511,107.6095208,https://www.google.com/maps/search/?api=1&query=Museum+Kota+Bandung+Bandung,2011
Museum Gedung Sate,Museum,Wisata,"Museum interaktif di dalam kompleks Gedung Sate, Jl. Diponegoro No.22 Bandung dengan konsep Smart Museum sejak 2017. Menggunakan teknologi layar grafis interaktif, Augmented Reality, dan interactive floor warna-warni untuk menyampaikan sejarah Gedung Sate.","4,7",0,5000,https://lh3.googleusercontent.com/gps-cs-s/APNQkAFoYCQmPnuItC8oSh09m8IO6IchatBJPL-LHsj8fNOMWgMPY4W1AG75zYyCe6GqcQoiEIdPQxbSk8X7bzv13xk86nQ0bl_QR_7IZx-LOx6uQCuAmv7C-yqHZy6uTVU3Nw1VAZNIXu13EH3t=w408-h306-k-no,-6.9025224,107.6191303,https://www.google.com/maps/search/?api=1&query=Museum+Gedung+Sate+Bandung,2018
Museum Srihadi Soedarsono,Museum,Wisata,"Museum seni yang mendedikasikan koleksinya pada karya pelukis maestro Indonesia Srihadi Soedarsono, menampilkan berbagai lukisan bersejarah dan bernilai tinggi.","4,7",10000,30000,https://lh3.googleusercontent.com/gps-cs-s/APNQkAExMqmG1XuBFeEkgBqDlQjojcCnZsGzbZP0UOBOxtIYd_7nizXIFbF_1pBeHCZ_Spdx2yJjDZTPV_WYyEDS0dNND8wowadGQh5AzzcTJ_iORgjhTQRsjp7Hv6c1VCOjvfD6zLci4Zwq1hGt=w408-h905-k-no,-6.871657,107.60524,https://www.google.com/maps/search/?api=1&query=Museum+Srihadi+Soedarsono+Bandung,2015
Curug Bubrug,Alam,Wisata,"Air terjun tersembunyi setinggi 50 meter di Desa Kertawangi, Cisarua, Kabupaten Bandung Barat, dikenal karena aliran air jernih yang jatuh ke kolam alami.","4,6",10000,50000,https://lh3.googleusercontent.com/gps-cs-s/APNQkAHVie1kDuV1DMWQCfSFhhtxhxH_Ov7R8vTVH6zURfUAs0u182PG1kkGFDnqq1c-9RKo662koyTwtiWZYFzVCbdDYZJIQCKEldUCKqrmfmqf2Fv9DMs0ydKVKBTHaki0pHi2R0dqgqgszwRc=w408-h306-k-no,-6.7921116,107.5800837,https://www.google.com/maps/search/?api=1&query=Curug+Bubrug+Bandung,2010
Curug Layung,Alam,Wisata,"Air terjun tiga tingkat di ketinggian 1.400 mdpl di Desa Kertawangi, Cisarua, Kabupaten Bandung Barat, dikelilingi hutan pinus dengan pemandangan Gunung Tangkuban Perahu.","4,6",10000,50000,https://lh3.googleusercontent.com/gps-cs-s/APNQkAGSPZp7MO-xmqNTWADlPBUDiIcpnwytzYjyQ9arf36Nysjw8_E4MueLYaFyVFg7cEcWn6TTWSbHiC__GVDZEoK-Fe29Ii7UA_2uudnFSIphivoZtVIn-HVFFb8WpNuqy6zdXPZtnw=w408-h306-k-no,-6.7987214,107.5757824,https://www.google.com/maps/search/?api=1&query=Curug+Layung+Bandung,2012
Salt Saltbread,Cafe,Kuliner,"Toko salt bread pertama di Bandung di Jl. LLRE Martadinata No.118 dengan konsep baking fresh setiap hari. Menyajikan salt bread renyah di luar dan lembut di dalam dengan pilihan topping beragam, juga ada toast, rice bowl, dan matcha.",4,25000,50000,https://lh3.googleusercontent.com/gps-cs-s/APNQkAFthxC35NLYQxPb3XoYIiXPOQOyHCUK0L-QH3VdJxquqNc0eqbyLEq3I_JRbcj4gCjEigZ-9ZntBn0hranvhYJIMx0GB27ktqI1nU-F3MCmIFV5kUuYAkTlfjLFow4g2YH-0Ftpi6MABqTe=w408-h544-k-no,-6.9107221,107.6261331,https://www.google.com/maps/search/?api=1&query=Salt+Saltbread+Bandung,2024
Dimsum Sembilan Ayam,Kuliner,-,Restoran dimsum halal bergaya Hong Kong di Jl. Pasir Kaliki No.170 Bandung dengan konsep open kitchen.,"4,5",25000,75000,https://lh3.googleusercontent.com/gps-cs-s/APNQkAGxKtBkQUFN682y6k3mVrbtmFhJydaZH7RlsSNAjRZzyE__RZD10NHw4IVyzU_EBjK8Wfw66_IAER3pHkMPCerpiYkK5laB1-QXSxbgZ3tzJtJxY8dheXG1f6EHLMesXL2Ax2eXzA=w408-h432-k-no,-6.9020548,107.5977174,https://www.google.com/maps/search/?api=1&query=Dimsum+Sembilan+Ayam+Bandung,2023
Bandros Braga,Wisata,Hiburan,"Wisata naik Bandros (Bandung Tour On Bus) di kawasan Braga, bus wisata ikonik Kota Bandung yang mengajak wisatawan berkeliling melihat berbagai landmark bersejarah kota Bandung.","4,5",0,20000,https://lh3.googleusercontent.com/gps-cs-s/APNQkAHh8fqVaAC_Soh7VfLy-w3C0MU8BLaykbUEJKwwNEY1Pw57lf2kLlhbCRDeDQMOSI4IUmVDAbgpzWQc6PIMJ9MgTP5s2shD3jkn679glpjRqxYJD9vXk3ojC6MP2EeKRuLFIYn5oQWI4sua=w408-h544-k-no,-6.9224266,107.6068136,https://www.google.com/maps/search/?api=1&query=Bandros+Braga+Bandung,2018
Sesar Lembang Kalcer - Titik Kumpul Backyard,Wisata,Alam,"Kafe dengan konsep backyard yang nyaman di Bandung, menyajikan menu kopi dan makanan dalam suasana outdoor yang asri dan cocok untuk bersantai.","4,4",10000,45000,https://lh3.googleusercontent.com/gps-cs-s/APNQkAHsEghFLNKXDDMCVUjBydvQYXwJV9FNF4f0mPy7BVQ_Ws_rOpKSB98PeguuGxFQ4qryP2IilClH4DjU50EZsNcnk92_jlCoxsz0DPicWN5QilnDCz18YJB3B6eH-nBjHGdsj_vgyIbBcZyh=w408-h544-k-no,-6.8724256,107.6233326,https://www.google.com/maps/search/?api=1&query=Sesar+Lembang+Kalcer+-+Titik+Kumpul+Backyard+Bandung,2024
Chanaya Resort,Hotel,Wisata,Resort dengan suasana alam yang menawarkan penginapan dan fasilitas rekreasi.,"4,9",1500000,2000000,https://lh3.googleusercontent.com/gps-cs-s/APNQkAFzDroNNMEbAB8KEg0EyqBDkUY8Ik2naVz9ngrWHxrcdwV8GVk8JiX46LS9xLULUJuDBRRQcTCNeWLuWUx8gilCfike9rZKmci11ofpWA64pNJmi8omy3dCLPFtB5qHGSSwEaO-=w408-h612-k-no,-6.8457177,107.6295209,https://www.google.com/maps/search/?api=1&query=Chanaya+Resort+Bandung,2022
Warung Kopi Imah Babaturan,Cafe,Kuliner,Cafe dengan konsep rumahan yang hangat dan cocok untuk berkumpul.,"4,5",25000,50000,https://lh3.googleusercontent.com/gps-cs-s/APNQkAE1yw_6GtoGkHkDF_jZ9nvirOMS8_JeuacVWc6gbnad6hJn5msm_CVw_H_tDksQW9EWGDSsl-i999_a-RX_pcugoD9AkVkWbSsHQUlyR2dkxzYpZEapxgO2r-0eA91_NfZ9O7Pj=w408-h306-k-no,-6.898115,107.6077061,https://www.google.com/maps/search/?api=1&query=Warung+Kopi+Imah+Babaturan+Bandung,2021
Toko Kopi Lajeng,Cafe,Kuliner,Coffee shop dengan menu kopi lokal dan suasana santai.,"4,7",25000,50000,https://lh3.googleusercontent.com/gps-cs-s/APNQkAHej75cTrm2yHUEWFLEFTj1XuAffrt_rNpjlTbgdVLr81WV57rpAKBOCdWPU-JFMGwm4ZpCVV1IAcJDNhkDpL5cN1FYlBqyYQ33YNGPG3W0i7Yj1aOfopu918FqHYj_nXx_bCsd5awUZaYj=w408-h306-k-no,-6.8697074,107.6188963,https://www.google.com/maps/search/?api=1&query=Toko+Kopi+Lajeng+Bandung,2023
Lui,Cafe,Kuliner,Cafe modern dengan konsep minimalis dan menu kopi serta makanan ringan.,"4,5",75000,175000,https://lh3.googleusercontent.com/gps-cs-s/APNQkAHuulLudtzK900iEAzBhTn_fLysO__otHl6n8hjdQVZpNbFY9fMcYFwUiH1wHqqaRFpgBSy1L36gjhmLAyJzOhjj7fuoxqJ3i0jHf7cDh541w9yWyN_bNA2oVKZHR1_JAZuSDwE4A=w408-h272-k-no,-6.9054056,107.6152977,https://www.google.com/maps/search/?api=1&query=Lui+Bandung,2024
Parma Serve,Cafe,Kuliner,Cafe dengan menu Western dan kopi dalam suasana cozy.,"4,9",50000,75000,https://lh3.googleusercontent.com/gps-cs-s/APNQkAHv5k4WPivFCPT8fK82Q6NwWJoddjBKcAXdamyqP8Ji7Dx8WdyJvxQFM4ZTiW9HfCN3_EEAyajCMBtnxyLBRUR92Zt7ZPNPDhRck-vT-avVrI3-wwWmSeEFGYP-EDyC596oUxOSfY8J77qp=w408-h725-k-no,-6.9269241,107.6244181,https://www.google.com/maps/search/?api=1&query=Parma+Serve+Bandung,2024
Chorus Coffee,Cafe,Kuliner,Coffee shop dengan konsep kreatif dan menu kopi specialty.,"4,7",50000,75000,https://lh3.googleusercontent.com/gps-cs-s/APNQkAFNtZ_RllIIR-goTKNljC3tP9CLZfa1E8iu0CQtG2-MuTQLQoKwwz6al11mDouuc2KaXlNThZ-QKluqKZxMc9wybZnisVc-dC7w55HkPcAllESfakrwTri-uOR6aPRuNPjfkrQYNSN7_daV=w408-h544-k-no,-6.9156347,107.6263726,https://www.google.com/maps/search/?api=1&query=Chorus+Coffee+Bandung,2023
Kopi Lebak Caringin,Cafe,Kuliner,Cafe dengan nuansa alam yang menenangkan dengan berbagai macam menu.,"4,6",50000,100000,https://lh3.googleusercontent.com/gps-cs-s/APNQkAFkFMp93cPWXoc8bM6r0ZCIO1yRXSh-uDMt-84JqKEBJkYZVhYWwWRH2AxIixOOYHJZxfGfNRdAeU6U7gFZRD9OdEH2xtTTKukFJfTHYPSvXNhp0WBVIAWQYHHXtqqqasJ3EAjNV6TbbPBc=w408-h306-k-no,-6.8675021,107.6305947,https://www.google.com/maps/search/?api=1&query=Kopi+Lebak+Caringin+Bandung,2020
Fuels Coffee Aceh,Cafe,Kuliner,Coffee shop modern dengan menu kopi dan minuman kekinian.,"4,9",25000,50000,https://lh3.googleusercontent.com/gps-cs-s/APNQkAGooETXaCiBwUGhYf48Dfy_js_AUAcDguV5AqpEm2Y4yMErTrDDZwJWdjevMqP41spXoT3ODesI8rDnszOuyp4YfLVyvcO3ZV_G5ZDAi_stiM4JI6wJXIcNKzEqzWERgBE98B89OPH3R13p=w408-h272-k-no,-6.9104461,107.625569,https://www.google.com/maps/search/?api=1&query=Fuels+Coffee+Aceh+Bandung,2022
KinoKimi Backyard,Cafe,Kuliner,Cafe outdoor dengan suasana backyard yang santai dan estetik.,"4,5",50000,75000,https://lh3.googleusercontent.com/gps-cs-s/APNQkAE1E9Bpob8ONzrrdCwMpm1oSHMB_G7NoCQ8WSQSWa_HhVYpNouDToEb8c6ZDObJCzGoUKghmTtDpop1wShcsgG6XKCNnBzYtNE3NLms_1MXZVGZbBJL0FSlwXmMSjyAyOn60npQqTa_xqc=w408-h612-k-no,-6.9364718,107.6220418,https://www.google.com/maps/search/?api=1&query=KinoKimi+Backyard+Bandung,2024
Roti Macan & TTKR Specialty Coffee,Cafe,Kuliner,Toko roti dengan menu unik dan harga terjangkau yang populer di Bandung.,"4,6",25000,50000,https://lh3.googleusercontent.com/gps-cs-s/APNQkAFsM0tJMqhwYiNjELGnu64rvNgrPp8lz1pDeqbpnaonyGQ4E6h2J7ySI1YQBx1ZF76vQZbd7kYkECixnaYQT22FOyqbG6ccKgCQC1M39yWf7l8SFW7xYtepDKL0Q1JXRAb7hpNL=w408-h306-k-no,-6.9363386,107.6222998,https://www.google.com/maps/search/?api=1&query=Roti+Macan+&+TTKR+Specialty+Coffee+Bandung,2023
Umanari Cafe & Resto,Cafe,Kuliner,Restoran Jepang dengan menu autentik dan konsep kasual.,"4,8",50000,100000,https://lh3.googleusercontent.com/gps-cs-s/APNQkAGREuvfuuK56PmI9OTNpDuf9TjIBDKiBisQaFZMGcIYM_lKXAfMCQlV8FM5KvzClyjRZ03Mmo1OGcOhdL1Wsokmt1RzuzV9ctuZApntx9Wf-vjSJz5wnUphcvQuc0jCbe47zWph=w426-h240-k-no,-6.9206127,107.6134601,https://www.google.com/maps/search/?api=1&query=Umanari+Cafe+&+Resto+Bandung,2024
Rumah Bapak Dartoyo,Cafe,Kuliner,Kedai kopi dengan konsep tradisional yang menyajikan kopi lokal Indonesia.,"4,8",25000,50000,https://lh3.googleusercontent.com/gps-cs-s/APNQkAGc9N74nxi0b3roflMRc7gZD8NTicMbWdLhkt-pWZBZFD6AK0cUACI2eITbI418rVhoUxazxHXak6UjO0MqPcnXwxF0v76tMIluYw1lyYifafPfjrIKnQQXjOgCsd1_HKwNi3F4hUBEwqua=w408-h544-k-no,-6.9165414,107.6133201,https://www.google.com/maps/search/?api=1&query=Rumah+Bapak+Dartoyo+Bandung,2021
Contrast Coffee,Cafe,Kuliner,Cafe dengan desain modern dan menu kopi specialty.,"4,6",25000,50000,https://lh3.googleusercontent.com/gps-cs-s/APNQkAEHP68w2glpf-9kToSOiC8UZ1rh0ulaGXxWFv4NMx2FwRF_fDOUipGNsk3yCC0CbzRU2PpJ1zm46PX93SCBe0gZ4OYA3qPjmzUorEjkcKS9BsiIa2RZrizYJgvtEYdg0wek8hyY=w408-h612-k-no,-6.9076186,107.6333587,https://www.google.com/maps/search/?api=1&query=Contrast+Coffee+Bandung,2023
On The Table Coffee & Culture,Cafe,Kuliner,Cafe dengan menu Western dan dessert dalam suasana estetik.,5,25000,50000,https://lh3.googleusercontent.com/gps-cs-s/APNQkAEfJAxuF8IxefFSz-rR0xGoMF9lrR48rdURiFQESN2_1sC-LPv_nao120LrXy1SMlFSU4bHRCrFRNKUW4__08YZYGX24GPkivQCQuESwXieyB5QyRTD474cqCYNBzSI3Ukerc115pjkQ0oR=w408-h510-k-no,-6.904235,107.5968138,https://www.google.com/maps/search/?api=1&query=On+The+Table+Coffee+&+Culture+Bandung,2023
Bumi Luhur Hiking Track,Wisata,Alam,Tempat wisata alam dengan suasana tenang dan pemandangan pegunungan.,"4,6",25000,50000,https://lh3.googleusercontent.com/gps-cs-s/APNQkAEQC98LAsyd0gxZn2FBhs-YFB5hLCLQwRuY09tmyPS8bAhxZTE2Q-2409yBe1cprZeiIPMPLMQ0qVSJuFTkaCJxSTmSPiCuzh9Cw8OBHP12M62D_rWq9skArkNiV5RNV47vU0fUim0p1yL0=w408-h544-k-no,-6.8634384,107.4309277,https://www.google.com/maps/search/?api=1&query=Bumi+Luhur+Hiking+Track+Bandung,2021
Jiwanta Cimanggu Thermal Wellness Sanctuary,Wisata,Alam,Pemandian air panas alami yang menawarkan pengalaman relaksasi di alam.,"4,4",25000,150000,https://lh3.googleusercontent.com/gps-cs-s/APNQkAHCIbaNF5wWcoV1Jz_rimBLK2zKCJ0dzBjuOWzeStOqM6wr9NS7yiultfXR2GN8YPvn4xpG4GPOBysIAqiUSQKGiEIXZE0csAFy32y12hNr0nTFYHzI7QDILCd811aUI5ina-UOnyRW5QdV=w426-h240-k-no,-7.1468489,107.3900257,https://www.google.com/maps/search/?api=1&query=Jiwanta+Cimanggu+Thermal+Wellness+Sanctuary+Bandung,2024
Scentsored Perfumery,Belanja,-,Toko parfum dengan berbagai pilihan aroma lokal dan internasional.,"4,5",50000,200000,https://lh3.googleusercontent.com/gps-cs-s/APNQkAHOwdMA393Pgea19_zcaueIz_8lh8nP4b7xUQLTqJ-HOdBNUMd1sqeLT3t5xYvksObnKOeWm3vOXd8pgDjNCKJRMvImf6mTm3SrKs1LZfU-scUIFCFb9lMacAmn2Eh30fuHLV_A4X-F500=w408-h725-k-no,-6.9003789,107.6135768,https://www.google.com/maps/search/?api=1&query=Scentsored+Perfumery+Bandung,2023
Stadion Gelora Bandung Lautan Api,Hiburan,-,Stadion besar di Bandung yang digunakan untuk pertandingan sepak bola dan acara besar.,"4,5",0,0,https://lh3.googleusercontent.com/gps-cs-s/APNQkAFbt4paiZlo4y_FzU2Dv6fg2Soi-eIFsZ7Oen819b6OTEqJCwxQVjCmCnOM-DWlpc-yeWDwyupic2Bo5SLsxQkZ3u5z-rHuFahdXmXYS__HL71C4dtHh29xaCNYB7hTxEKA2SM=w408-h272-k-no,-6.9575074,107.7120749,https://www.google.com/maps/search/?api=1&query=Stadion+Gelora+Bandung+Lautan+Api+Bandung,2005
Toko Roti Merak,Kuliner,Cafe,Bakery yang terkenal dengan roti klasik dan cita rasa khas.,"4,3",25000,50000,https://lh3.googleusercontent.com/gps-cs-s/APNQkAHHSbkV052WfukcDcJJeRH5LwBrXwrwpqslnemXJ8Eb7k77dadxmhmYY40c4mR_XmJOUXf4pfe-ltLOV3rrPDqZLnib3bLHNaEu51yKd7M6F-pMOVQew060B7k-s7JK76078eveD4yk8Ts=w408-h725-k-no,-6.8982662,107.6204918,https://www.google.com/maps/search/?api=1&query=Toko+Roti+Merak+Bandung,2026
Kineruku,Cafe,Wisata,"Kineruku merupakan perpaduan kafe, perpustakaan, dan ruang arsip budaya yang menyajikan suasana tenang dengan koleksi buku serta film kurasi.","4,5",25000,50000,https://lh3.googleusercontent.com/gps-cs-s/APNQkAHwIvxG_Je9YKAFqAijZm3vqynrtxUC1bQgDxYiEJOTxxIU3YAS0CtyZ9cdaGhP6ew4W4GBVxKBYyU3_Oc9DOs8W-NEZgloIgA2oMYCyfF9qe0ONRBZvQNYoDms36d55pLr73dSDiB93iw=w408-h544-k-no,-6.8753081,107.6004216,https://www.google.com/maps/search/?api=1&query=Kineruku+Bandung,2008
Senja Merona,Cafe,Wisata,"Senja Merona adalah kafe dengan konsep estetik yang populer untuk menikmati suasana senja, menawarkan berbagai minuman dan makanan ringan.","4,9",25000,50000,https://lh3.googleusercontent.com/gps-cs-s/APNQkAGbmVMmPrIQODvaFeHj0fqoum_ILP6AshGT9yn1XCISQQeFanAwAqhxl9O6cPqn_9Rk5TBwIMG3WLy-H2GkfUpB1Jk_9b_jEixUGDaVjrUmK1kRdzyse0V8_nJm1p79P3-cU2gq2KMsM2g=w408-h306-k-no,-6.9128108,107.6358461,https://www.google.com/maps/search/?api=1&query=Senja+Merona+Bandung,2024
Tome Ame,Belanja,-,Tome Ame merupakan surga bagi para cewek buat belanja barang-barang gemas dan unik!,"4,8",50000,150000,https://lh3.googleusercontent.com/gps-cs-s/APNQkAEorquHNcNON_iLF6G-LeXoDuhHSq7DKcc6lhkOGqhS44g86pRJJMSEarTrxnO2zD-I5NNek2Y3P0w2asfL5fGe9mWJYE4ijEydZTYvYyUO9aDzkChWKeCjIo546fFf1m-JfWDHuq1bMMI=w408-h306-k-no,-6.9061017,107.6130301,https://www.google.com/maps/search/?api=1&query=Tome+Ame+Bandung,2024
Redspoon Creamery,Cafe,-,"Red Spoon adalah cafe yang menjual gelato, cocok untuk menghalau panas di siang hari!",5,25000,75000,https://lh3.googleusercontent.com/gps-cs-s/APNQkAFya7Lwld3lqPOjwVVSSM-43K4TnwvxgeHlr8rH0FO4Ok2bmktU--aJV6uZbc0y-j0HQxOy2FItLeQCHLcwtCOFoMwP-PvYxR4O_Yfp5lI7Nb26sZpIp1rXRpXzntk_zqkHegqXy8iJDHux=w408-h544-k-no,-6.8794951,107.6032026,https://www.google.com/maps/search/?api=1&query=Redspoon+Creamery+Bandung,2023
Milk n Crumbs Braga,Cafe,Kuliner,"Milk 'N Crumbs merupakan dessert cafe yang terkenal dengan soft cookies, cakes, dan minuman manis.","4,9",25000,50000,https://lh3.googleusercontent.com/gps-cs-s/APNQkAHF2LgMpkYa88Zdz7g20LjC-rktFNWh2J9e6aI6-WPJkA6wLg9q5qn7seuTJqKuIRS76o5zkHoQc1kI2o2tNuL8Nxa4OpHauawKo2df-SR1LsqTS5CQW7GnsqIFNjoFF8IlXV0=w408-h544-k-no,-6.9188027,107.6094984,https://www.google.com/maps/search/?api=1&query=Milk+n+Crumbs+Braga+Bandung,2024
Rumah Makan Tjap Ajam 38,Kuliner,-,Rumah Makan Tjap Ajam menyajikan hidangan ayam khas Indonesia dengan cita rasa tradisional dan bumbu khas.,"4,5",50000,75000,https://lh3.googleusercontent.com/gps-cs-s/APNQkAHY4eDsXY4YPBbyUkDk7DBgxRZSwG9-THCFrnFQb1ifaZ9uxlo-4XNG4OhqHXawf4iBZ_PPksBEdQPDrQPggl1jmQvn0Ku09r7vBi_QzlHw-kLxuc0R22MEHmAOTRqmI7aKlSs=w408-h306-k-no,-6.9206898,107.6136784,https://www.google.com/maps/search/?api=1&query=Rumah+Makan+Tjap+Ajam+38+Bandung,2018
Theo's Wife Lois,Cafe,Kuliner,"Theo's Wife Lois adalah kafe bakery yang menawarkan pastry, roti, dan dessert dengan kualitas premium.","4,9",50000,100000,https://lh3.googleusercontent.com/gps-cs-s/APNQkAEu0rm_T1o1J--edSiIKsUnw0tGeLO4hGGkzXrbpZl6KGfC6LHnDFgnnPreUmt2KcRLCvsRsoAy3ZkftbUc9y4rSKH92ZLtbtEAv2R3RYxErWYajrBmITjmXUZ-5DNWUTzZLwsy=w408-h510-k-no,-6.9044516,107.6190352,https://www.google.com/maps/search/?api=1&query=Theo's+Wife+Lois+Bandung,2024
HOWL - Library & Creative Space,Cafe,Hiburan,"HOWL merupakan kafe dengan konsep modern yang menyajikan kopi dan makanan ringan, gak lupa sama library nya, pengunjung jadi bisa menikmati kopi sambil membaca buku yang disediakan","4,8",25000,50000,https://lh3.googleusercontent.com/gps-cs-s/APNQkAHK3g_SRlwFakuBguDzNG0QIyIEVw1blmquxgWMFPjLPJMZHE7kYhQ0bfNf3pGBqAZbP8YzxCbVc8quKEjdPWL6aBfojyvwf8Wpy_OuHbdnYnxcoCPwMFMVNxjhHlD-UyXtYbE7=w408-h544-k-no,-6.8703078,107.6038971,https://www.google.com/maps/search/?api=1&query=HOWL+-+Library+&+Creative+Space+Bandung,2023
Masagi Koffee,Cafe,-,Masagi Koffee adalah coffee shop lokal yang fokus pada sajian kopi berkualitas dengan teknik brewing modern.,"4,6",50000,75000,https://lh3.googleusercontent.com/gps-cs-s/APNQkAFIqFa7xRP1dnfRrf2EauS88eCVTS4URDNo2oLWGi8H-eyF09uVWr6zg6G7VzqFeTt-dpBWiU7J46qNhJ1NeJ8CxGfmeA0xla_CXolEZ1fj3SYLqHJJnCUI2ihgHV_Y_cRsW8Jsk2Y2BISx=w408-h408-k-no,-6.8687734,107.6065293,https://www.google.com/maps/search/?api=1&query=Masagi+Koffee+Bandung,2020
Brother Jonn & Sons,Cafe,Kuliner,Brother Jonn & Sons merupakan kafe sekaligus restoran yang menyajikan menu western seperti steak dan burger.,"4,6",50000,75000,https://lh3.googleusercontent.com/gps-cs-s/APNQkAFN3jsrJoXJ7DeNjz35XlFaNRUnAXU5vSG9lVxAR96Y5AwWUE_UC4-xe9cEmcSQlCVyrO7Qlml63UdEKzCvakrK4nZEU2wBLZHX-GOYZYbjoE-jTTXfC2e9l_8xPcERAHwXBvvf=w408-h612-k-no,-6.878707,107.603652,https://www.google.com/maps/search/?api=1&query=Brother+Jonn+&+Sons+Bandung,2023
Buns Ceramics & The Pavlove Rooms,Hiburan,-,Buns Ceramics & The Pavlove Rooms adalah ruang kreatif yang menggabungkan workshop keramik dengan kafe serta photobooth buat mengabadikan harimu!,"4,9",25000,50000,https://lh3.googleusercontent.com/gps-cs-s/APNQkAF4dxfgBncK1da4M3cg4Ybq4MsB_6_Ard7whRBFADVrJO-JNvSrDZLInlJDMX8m-7fsPrPpG-4pHv2O2uLe6Nq8y88Ub5Tm2xIRONWwz0XrhAhMgC923uFehKoi2Ds9jkq8nkjOo9Oxy2we=w408-h544-k-no,-6.9066286,107.5882673,https://www.google.com/maps/search/?api=1&query=Buns+Ceramics+&+The+Pavlove+Rooms+Bandung,2026
B.LOW Listening Coffee,Cafe,-,"B.Low Listening Coffee merupakan coffee shop dengan konsep listening bar, di mana musik menjadi bagian utama pengalaman pengunjung.","4,4",50000,75000,https://lh3.googleusercontent.com/gps-cs-s/APNQkAENFJ6agSEi1hOKYhzPZfG3bLpV5gdK4AxbQhMeAEfxh1RyjPry3NosExjMwZTOGbE4gNiVBQAJDlWLoBN0SteYGeF17tlY4fUXoQpU_AhD7TCMqzPSM8ixKXyxRoG9MA5tnCvyYWY3KyUB=w408-h612-k-no,-6.9438715,107.6296096,https://www.google.com/maps/search/?api=1&query=B.LOW+Listening+Coffee+Bandung,2026
Kintsugi Teras kemuning,Cafe,Kuliner,Kintsugi Teras Kemuning adalah kafe dengan konsep Jepang modern yang menghadirkan suasana tenang dan estetika minimalis.,"4,4",50000,75000,https://lh3.googleusercontent.com/gps-cs-s/APNQkAGvk4nSPxHc0ie7OqA5mq5hCixFE4jWHth0MIuPBgDCIwR2nGk8BrM3bgi1A7THB_dxRvfIrkGpYosbEqQAbysZziGh-g2tidWpjVcB90zztgbxTXZjkT3CvLuw92eHI7JJWr89XJS7wVN1=w408-h544-k-no,-6.9153146,107.63,https://www.google.com/maps/search/?api=1&query=Kintsugi+Teras+kemuning+Bandung,2026
The Square Room (TSR) Cafe,Cafe,Kuliner,"The Square Room merupakan cafe dengan konsep serba kotak! Mulai dari donat, sandwich bahkan hingga gelas yang dipakai untuk minuman.","4,8",50000,75000,https://lh3.googleusercontent.com/gps-cs-s/APNQkAGPAYXG0IKm9QeOWcRB1TttPcAZZUou4LUQx2NlxT_YTJUybzv-uWUiLicvBoX3PuBG5_bim2N361tmO2leUIuuj1QQ_FqNkMyN3_NKZ1wJhAuytQwdEFqjfN5opwUmm-nPDPHxC5tXp94h=w408-h544-k-no,-6.8928508,107.583843,https://www.google.com/maps/search/?api=1&query=The+Square+Room+(TSR)+Cafe+Bandung,2026
Chime In,Cafe,-,Chime In adalah coffee shop dengan suasana cozy yang menyediakan berbagai minuman kopi dan non-kopi. Tempat ini cocok untuk bekerja maupun bersantai.,"4,8",25000,50000,https://lh3.googleusercontent.com/gps-cs-s/APNQkAH8ElDtyBcu5sWUzolB0lUA8eo4KhmIEgoK8JvdR8zIvP143SAp629IwP3wTd8KUdgdJLKPqUkpjnVTXnAkpZv7TqniqWB7ITJ1hGNAPQGVog-m1Ttb2CAmOSNnvuobOWsujyi6zXajMoY=w426-h240-k-no,-6.8697782,107.6319363,https://www.google.com/maps/search/?api=1&query=Chime+In+Bandung,2026
LOULOU Patisserie,Cafe,Kuliner,LOULOU Patisserie merupakan patisserie yang menyajikan pastry dan dessert khas Prancis dengan tampilan elegan.,"4,8",50000,75000,https://lh3.googleusercontent.com/gps-cs-s/APNQkAGyIL_GMI-4GphMtmTlWTB6tRWdDtpgXlE6F3m-UJRICtAzRmBc30r3TOAj9oN6CFtgV4nx6czUWft9k0EX54_QEL42sWpC8-QAc7tFnCQfKwswrrr_uHwoUNbKkYdlI6fJrBgj8scMoMl6=w408-h510-k-no,-6.8961677,107.6002595,https://www.google.com/maps/search/?api=1&query=LOULOU+Patisserie+Bandung,2026
Toko Roti Aromanis Halimun,Kuliner,-,Toko Roti Aromanis adalah toko roti lokal yang menawarkan berbagai roti dan kue dengan harga terjangkau.,5,25000,50000,https://lh3.googleusercontent.com/gps-cs-s/APNQkAEzW5dCMvuhluj-c0JzA_kc57m6dkua0sJDDzu0eVSp9su72r8quLdEZwEKW665JoUtXuz_aYHKxMVBic2rFHt1KwYk2ZwwZODtEfcz4NghCgc87xOJwoIAakDnovTWWQNPCtUF5bT5PaLJ=w408-h544-k-no,-6.9260647,107.620664,https://www.google.com/maps/search/?api=1&query=Toko+Roti+Aromanis+Halimun+Bandung,2026
Paris Museum Braga,Cafe,Kuliner,Paris Museum Cafe menghadirkan konsep kafe dengan dekorasi ala museum Eropa klasik.,"4,9",25000,50000,https://lh3.googleusercontent.com/gps-cs-s/APNQkAH8Rm1rqTtPJ_KvxHl_zZ3GDGL12pKQ-GzKrDvZci2jfNFuTABHwbk3pS8tpl-tz4PIc2je5LV5KH4Y-aRFriQMfkUfxb7ngcCbuSuRXkojRzZ1IxqXbCK6rHvIPUWVzoKOgoQXPRjLqm-Z=w408-h306-k-no,-6.9160731,107.6088614,https://www.google.com/maps/search/?api=1&query=Paris+Museum+Braga+Bandung,2026
Schuurdeur1928,Cafe,-,Schuurdeur 1928 adalah kafe dengan nuansa heritage yang mengusung konsep bangunan klasik.,"4,1",25000,50000,https://lh3.googleusercontent.com/gps-cs-s/APNQkAHAlgBstuX2QNkIZdTYpY9_xm2UibZ0jkFthRhhocttCgDqhYsTCm5SPyzzEwEpV5ETL1RFUUh7wRfON7qQ339PYrlnaYsM8Sm_3PaSEykP3oKW1adfpkch614rlGxMP3-uXc58SpVIoj9n=w408-h544-k-no,-6.919521,107.6368397,https://www.google.com/maps/search/?api=1&query=Schuurdeur1928+Bandung,1928
Secercah Aroma,Belanja,-,Secercah Aroma merupakan toko yang menyediakan berbagai parfum untuk kamu coba!,5,50000,100000,https://lh3.googleusercontent.com/gps-cs-s/APNQkAG12qgS70a0dvgjWzsLp0WBeTSvXt5ICrUPKXkx-u5H6dUk52EGVWm_WUDccfzz1ylG7y50Zd-pctyAoVQt2yZ4ts2zdt0Suk_13G9kFN6frqqTptDz_i5w-b2dP8qDkOFAIQRXZDcss_Ns=w408-h544-k-no,-6.9109132,107.6277754,https://www.google.com/maps/search/?api=1&query=Secercah+Aroma+Bandung,2024
DAKOFFE Coffee and Bistro,Cafe,Kuliner,"Cafe yang menyatu dengan Bistro, nikmati kopi dengan nuansa yang kalem dan nyaman disini!","4,8",25000,50000,https://lh3.googleusercontent.com/gps-cs-s/APNQkAElrlO2EyIZW6NxMIFjZ88O64HXZNL4CYIl9Iy9iDLC4bmZAo6M_30tjmDVg3n6aM0QxL-ddLwCIqFdI_4NlpX946ppJa3vS2vDHc9k2ksriHBQCQb1zI2WBoeVcNqEfNy5H0wwV65MZVkf=w408-h272-k-no,-6.9282332,107.62,https://www.google.com/maps/search/?api=1&query=DAKOFFE+Coffee+and+Bistro+Bandung,2022
WaLe Warung Lela,Kuliner,-,WaLe Warung Lela adalah warung makan yang menyajikan hidangan rumahan khas Sunda dengan cita rasa sederhana dan autentik.,"4,5",25000,50000,https://lh3.googleusercontent.com/gps-cs-s/APNQkAEFuFfxpEpUlI40vF9yS-azVGoXGQMKha5FLO5Mlb4T8qXz8-yTp-82t7Kbb7JW9q0fYQ755Gyq9RCLChbSOxA2pMSE1RCIwrB4BnlpnCPtZKQ8-TQtRIqqgJxcSYN15U_Ll4RorvJgT6zn=w426-h240-k-no,-6.8721759,107.6279561,https://www.google.com/maps/search/?api=1&query=WaLe+Warung+Lela+Bandung,2021
TOOMBOO (Signs of Life),Cafe,Kuliner,TOOMBOO merupakan kafe dengan konsep modern yang menyajikan minuman kopi serta makanan ringan.,"4,4",50000,125000,https://lh3.googleusercontent.com/gps-cs-s/APNQkAEoWA1wykGjJafq_LIcxSYbAYvUkUedHRge-hRvHMFpsBDPqjyoWugS6JOf2vIZUALj1H14I5MY5oSIhxu5a979dUAjA4G87k0ZkhhWmOO4uAbJnPs135ah-FuC1aMvqX6vjpCPNcLtx4Zt=w408-h510-k-no,-6.8796818,107.6245589,https://www.google.com/maps/search/?api=1&query=TOOMBOO+(Signs+of+Life)+Bandung,2024
Natural Hill Cisarua,Wisata,Alam,Natural Hills adalah destinasi wisata alam yang menawarkan pemandangan perbukitan dan udara sejuk khas Bandung utara.,"4,4",25000,500000,https://lh3.googleusercontent.com/gps-cs-s/APNQkAEsi6PN2oU7f6Ti7UQggfrrEQscHfO9IDNfPzhwywK2OlkMmlFCP0T8iGDB5_MywnBgEhqTcegguU4xRn-Fgaq18SSzHNShi3oisTkZHk5BUJruqPhv5eVlRD6nM4iDGUtuj31V=w408-h863-k-no,-6.8111399,107.5703904,https://www.google.com/maps/search/?api=1&query=Natural+Hill+Cisarua+Bandung,2023
Jungle Milk Jayagiri,Wisata,Alam,Jungle Milk merupakan tempat wisata alam dengan konsep camping dan aktivitas outdoor di kawasan hutan pinus.,"4,4",150000,500000,https://lh3.googleusercontent.com/gps-cs-s/APNQkAHM7bWD7t3Zgwu3eqBGNKuDwSWxWSaR_oDkKwKXDBrlAEVa3ZoVx8nqqAd3ehSSNPCbiNNKh4VY05dR0eHnbDCPXPElKvZqsS27he_ba51xGG7B1qQZa14GDozF--FRowmqvRBY=w426-h240-k-no,-6.7766891,107.6242499,https://www.google.com/maps/search/?api=1&query=Jungle+Milk+Jayagiri+Bandung,2020
Lembah Tengkorak Bandung (Via Kebun Kina Pangli),Wisata,Alam,Lembah Tengkorak adalah lokasi wisata alam yang dikenal dengan formasi batuan unik dan suasana eksotis.,"4,8",25000,50000,https://lh3.googleusercontent.com/gps-cs-s/APNQkAECVr-1lUwonq-3fAgRz_AuOuwnzX1LA_bIGaWpUgtwMjByj1wLzOls9izxVY9OVLk7HsSHL0GZiMNO8_TvAqAP9svzgfJKgqNsxD8YBSqFod1bPV7pe36jf0pirGolQ2l33NAmrA=w408-h306-k-no,-6.8225335,107.7600475,https://www.google.com/maps/search/?api=1&query=Lembah+Tengkorak+Bandung+(Via+Kebun+Kina+Pangli)+Bandung,2021
Stone Garden Citatah,Wisata,Alam,Stone Garden merupakan kawasan wisata geologi dengan hamparan batu kapur purba yang unik di kawasan Padalarang.,"4,5",25000,50000,https://lh3.googleusercontent.com/gps-cs-s/APNQkAHdCJ18j5NmxOmn-2U_gBw-xKUHXoaeY7xUd9jxHiVX5azSHJCVeBIo2KfaqN7lWCssNGAjjTklnKOBpeAVmlfHvRNuYSVNmt2UXRGyqt77EBMyU3N67zZTHJC4khwCDQrSmfY=w408-h306-k-no,-6.8244669,107.44,https://www.google.com/maps/search/?api=1&query=Stone+Garden+Citatah+Bandung,2012
Maison Wilhelmina,Hotel,Cafe,Wilhelmina Maison adalah kafe dengan konsep elegan bergaya Eropa klasik yang menyajikan pastry dan makanan western.,"4,5",2000000,5000000,https://lh3.googleusercontent.com/gps-cs-s/APNQkAFfUbRxHfzoajjCPq1mNNgr2ZItDthfLcAFF-sBw6GvWMd_emSG746UIZ9katE87GJCvi1Qe4It_iRHvXkV1zo0Xbit_0Wq7wLlAGpMkFqb7ILZbqeEfOirWN-Qi7W_Pu2-VKRL__LFxo9V=w408-h272-k-no,-6.9160979,107.6092669,https://www.google.com/maps/search/?api=1&query=Maison+Wilhelmina+Bandung,2024
The Hallway Space,Hiburan,Belanja,": The Hallway Space merupakan ruang kreatif yang berisi tenant UMKM, makanan, dan produk lokal dalam satu area indoor.","4,6",25000,100000,https://lh3.googleusercontent.com/gps-cs-s/APNQkAFIXrv9dAK4Vixuh4lVvXW8Np2KdSzWr4wYB0LTBZFIXdGefdPYkBa0j7TCzUuR8VgYKo0nDukY_1nm98TD3clKhck3KhABdmtoFAWY3xF3Ddg0pisYFSePhdT8wgeEoKEyTl2nAg=w408-h544-k-no,-6.9195263,107.6222774,https://www.google.com/maps/search/?api=1&query=The+Hallway+Space+Bandung,2021
Sop Burtok,Kuliner,-,Sop Burtok menyajikan hidangan sop khas dengan kuah gurih dan isian daging yang cukup populer di kalangan warga lokal. Tempat ini dikenal sebagai pilihan makan sederhana dengan rasa yang khas.,"4,7",25000,75000,https://lh3.googleusercontent.com/gps-cs-s/APNQkAGUIkXQj12fOdQvDNGtlPSLG8V11Q0CJl54tLoJxaP-U2l6_O4ISn2D3X0zt6ctfumTzJ6QFRDnarc1-0aoOXT2gdIzSgkmvPav9olDw7m0Z88nJaeRH9VeeAOdWmWTtHPuI7nea5ODCkk=w408-h306-k-no,-6.9097784,107.6117496,https://www.google.com/maps/search/?api=1&query=Sop+Burtok+Bandung,2018
OH.IRV SNAP & SHOP,Cafe,Kuliner,"Oh, IRV adalah kafe dengan konsep modern dan minimalis yang menyajikan kopi serta menu makanan ringan. Tempat ini cukup populer sebagai spot nongkrong dan bekerja dengan suasana nyaman.","4,7",50000,150000,https://lh3.googleusercontent.com/gps-cs-s/APNQkAGPvPOxB30IEsJp5LiyZKYWwhULhXQ5gAQCf3uqmQN01DYpDI_uOshJGX5FLOMZGIVoCdkcwxEuJCApFVHdYMq0_hsq8GR0Lpz5MOhX0c2lMlQw78HqLHx5E3VWIYsVcONYSZkm29hmGYc=w408-h544-k-no,-6.9118194,107.6293824,https://www.google.com/maps/search/?api=1&query=OH.IRV+SNAP+&+SHOP+Bandung,2023
Nasi Lemak & Kupi Tarik Sinar Asia,Kuliner,-,"Sinar Asia merupakan tempat makan yang dikenal dengan hidangan khas Chinese-Indonesian sederhana seperti nasi goreng, mie, dan olahan ayam.","4,3",25000,50000,https://lh3.googleusercontent.com/gps-cs-s/APNQkAGCyeFjr6Ta4ImsbmTcbkPjpxOb_iivDpurHNMhw26EaTGwGyswnVy63xj-dA596ZqS-waosqu-M_ZWtWEWh-DUJQLZC7W7Vd_yrLdOmsVdYaYjIJiTfR3KXIHZXvMnNnmYajkDUcNCLAIB=w408-h306-k-no,-6.9112771,107.618292,https://www.google.com/maps/search/?api=1&query=Nasi+Lemak+&+Kupi+Tarik+Sinar+Asia+Bandung,2024
Kopi Cantel,Cafe,-,Kopi Cantel adalah coffee shop lokal yang menyajikan berbagai minuman kopi dengan suasana santai.,"4,4",25000,50000,https://lh3.googleusercontent.com/gps-cs-s/APNQkAFvTWarP4Ev6tTMOBa-F4lIe3W5RwX5WoEOLI-VzoB5AJfu7LqtSiGPdCSuLUQh444BNBqiNJUGGTFq-ijXmvumawe3RzS1itagAmHSaVhLgNeHuB3KmXyVq9tpg7PUNA2vON5b=w408-h272-k-no,-6.904811,107.619968,https://www.google.com/maps/search/?api=1&query=Kopi+Cantel+Bandung,2023
Umbira,Cafe,Kuliner,Umbira merupakan kafe dengan konsep modern yang menawarkan menu makanan dan minuman kekinian.,"4,6",25000,50000,https://lh3.googleusercontent.com/gps-cs-s/APNQkAHhcfpGK9obHI4BJ5RXn-IaVVPnf99e5YZAuhHZ6o9gxnc7xN0g__sO281ZS6aJCXShor4XiyfydX5jmBBFxuT8lDrJ0oKQXthFkEt1HNidXbWe71t-CHnQV3MP9l1uuyFcW7tlVQ=w408-h544-k-no,-6.916803,107.6092584,https://www.google.com/maps/search/?api=1&query=Umbira+Bandung,2024
Hello Summer Bandung,Cafe,-,"ello Summer adalah kafe dessert dengan tema cerah dan playful, menyajikan es krim, minuman segar, dan makanan ringan.","4,4",50000,150000,https://lh3.googleusercontent.com/gps-cs-s/APNQkAFNqqzSxGxE1pS7XXQOaGcuOzi2EZ0OujpDvx3dTEC12U8SgyBszWhhpX3BVmQ20fs1i-qf9wqYLPBSlP-bqhgTS7Of3FxAlM1Q7dhuzV6P7VmIwjZj1iQc6yEyyX6nxOdAYdM=w426-h240-k-no,-6.9058397,107.6194736,https://www.google.com/maps/search/?api=1&query=Hello+Summer+Bandung+Bandung,2024
Toko Marantika,Belanja,-,Toko Marantika merupakan kedai kopi yang nyaman untuk sekedar kumpul ataupun ngopi santai.,5,25000,50000,https://lh3.googleusercontent.com/gps-cs-s/APNQkAGgjrGeU2UdY-Ih8syNm8xyKOn9LPX4W8ZcUvyfj6d0d8y2CpVz-wqTPBwSsZhUkM_ea-fcnlxH_rsCZrIA9pBkrFP4ahKVzM_FhJGSmWuAwpAIc61LRRAXSmyWS5rQRS1Ag9kzMWe74SMB=w408-h544-k-no,-6.9027384,107.6152613,https://www.google.com/maps/search/?api=1&query=Toko+Marantika+Bandung,2026
Doroti,Kuliner,-,Roti Doroti adalah bakery yang menyajikan berbagai roti dan pastry dengan rasa manis dan gurih.,5,25000,50000,https://lh3.googleusercontent.com/gps-cs-s/APNQkAFL3Vyl2jBtdtUlVisu8U4x1-AiwVDjWY1PRZO8eNtW2NbqZAYHdtKlmFa-OD2jZ-VZK1d5vX9twGzEkSnawmcoWLiZtjm-BJjx-PryNfsPbbvbib_JLPExAlTB4pfTncAOJ06CtbIUqlQC=w408-h306-k-no,-6.9031782,107.6158313,https://www.google.com/maps/search/?api=1&query=Doroti+Bandung,2026
Hutanika,Cafe,Alam,Hutanika adalah kafe dengan konsep alam yang menghadirkan suasana hijau dan sejuk. Tempat ini cocok untuk bersantai sambil menikmati kopi di lingkungan yang tenang.,"4,7",50000,100000,https://lh3.googleusercontent.com/gps-cs-s/APNQkAEO6WEa4cz4EB5PwsaQZqPvaVoScn2AUV56PT5sXusCTpWwCq5JbK-lBx6mEIb2QB43AfXt-GekKG77RocMlo2hUBv5I0z2cvL_yh-R3R0AydjUDakXPT1mu7J3bOVfQUAqlS_7oPI-Ci9B=w408-h544-k-no,-6.9215808,107.6125702,https://www.google.com/maps/search/?api=1&query=Hutanika+Bandung,2024
TAMAN KOPIE,Cafe,Alam,Taman Kopie merupakan coffee shop yang mengusung konsep taman dengan area outdoor yang luas. Pengunjung dapat menikmati kopi sambil merasakan suasana alami.,"4,5",25000,50000,https://lh3.googleusercontent.com/gps-cs-s/APNQkAE_FLyu9JDcK3fF6j5zhLeqwWGy1DiKee6ZCk06cRusMwhewpyyTHqDvWlwmkcUwvptgxzyt1z1zU4mIGqgRNlQggmPNfRW5OnvjoWbrxV0YXlroWjzdkASQUWU2_yuRD6g1MoW=w408-h306-k-no,-6.9300597,107.6354045,https://www.google.com/maps/search/?api=1&query=TAMAN+KOPIE+Bandung,2019
Bruder Coffee,Cafe,-,Bruder Coffee adalah coffee shop dengan fokus pada kualitas kopi dan suasana minimalis. Tempat ini cocok untuk pecinta kopi yang ingin menikmati seduhan dengan tenang.,"4,9",25000,50000,https://lh3.googleusercontent.com/gps-cs-s/APNQkAEiX4mOukIEMwaNaAxqiUE0NraLAsFkD4oyhE1nzuPPdOkcg4-OsTBUrZxvohN8nty37crI8xoYwOMWweckRm3Prg9TvqF6LcZCRLz8k1r7ZdnAP2QBzx0hEmOgwWSblLWfWeM=w408-h408-k-no,-6.8480615,107.6189224,https://www.google.com/maps/search/?api=1&query=Bruder+Coffee+Bandung,2023
Gozeal Crsl Store,Belanja,-,Gozeal X Crosl merupakan kolaborasi brand lokal yang menghadirkan produk fashion dan lifestyle. Tempat ini menarik bagi pengunjung yang mencari produk kreatif khas Bandung.,5,50000,150000,https://lh3.googleusercontent.com/gps-cs-s/APNQkAE_3HHXytQhPnlrEGqLL3mOl_rM9oQcoThyyHu3Jvy28pqKTZN-4-SlUqFuUBFm1Q5oqreCmduiNThIx4ubqzI4gS2DfD--dl3NYzXaQFe5-oN8-ZvTGvNiq74JgnKMcQ8uBMZ3SaC2xZ3U=w408-h510-k-no,-6.9042248,107.612778,https://www.google.com/maps/search/?api=1&query=Gozeal+Crsl+Store+Bandung,2023
Roottie,Kuliner,-,Roottie adalah toko roti yang menyajikan berbagai pilihan pastry dan roti modern. Tempat ini dikenal dengan tampilan produk yang menarik dan rasa yang variatif.,5,25000,50000,https://lh3.googleusercontent.com/gps-cs-s/APNQkAF-HwXecYrPkMhU6Tl_MNBH6p5qbpRgHpOUb3xSp9FqcWgrKuBDau7AQmv19116ZMhWOWPSqbxfyzqT3zBl-cEi77Dn9SmUaWkfq7tfJz9rBzigwmaO4Vv1yyCqdLheIu3ESDdCXK5yXehb=w408-h329-k-no,-6.9046524,107.6143194,https://www.google.com/maps/search/?api=1&query=Roottie+Bandung,2024
Pic - A - Booth,Hiburan,-,Pic A Booth at Rio & Abby's merupakan tempat foto otomatis (photobooth) dengan konsep kekinian. Pengunjung dapat mengambil foto dengan berbagai pilihan frame dan tema.,"4,9",35000,100000,https://lh3.googleusercontent.com/gps-cs-s/APNQkAFUwNdRyg11mHsmGQK-YZKTcM9b8lEE5nGzrj4SHUFDuNKfavjPi8q1K0IoJC4ciwC4xZzME8ejWBQMdURg9tX71ZQMg9YlscA3-8pEXMAgJqgn2EQeYsTZ0losb_4Wg7wcezBrEj0Ea7jW=w408-h725-k-no,-6.8953043,107.6137349,https://www.google.com/maps/search/?api=1&query=Pic+-+A+-+Booth+Bandung,2023
Wallts Offline Store,Belanja,-,Wallts Work Store adalah toko yang menjual produk kreatif dan lifestyle brand lokal. Tempat ini sering dikunjungi untuk mencari barang unik dan desain menarik.,5,100000,200000,https://lh3.googleusercontent.com/gps-cs-s/APNQkAFs43HHj5FkwjORadkElMRN-wAm0fmAM8n5uUW5wWEC9PnS8px3QGlhlCNmajXLVPpil50uW4c5zsYnvih4GRdrZ7M-PecKIunWywamcJfHUZ_QD2AQHXAlPoRKKC4nHIgPwNTKzY9_uDA=w408-h725-k-no,-6.9055082,107.6256436,https://www.google.com/maps/search/?api=1&query=Wallts+Offline+Store+Bandung,2022
BODAS,Kuliner,-,Bodas Bakehouse merupakan bakery yang menyajikan roti artisan dan pastry dengan kualitas premium. Tempat ini dikenal dengan teknik baking modern dan bahan berkualitas.,"4,4",25000,100000,https://lh3.googleusercontent.com/gps-cs-s/APNQkAFDkoZt1izKzOuq51b1vUSoWxO7WMjxWZvDR7t2AUUgUnt24q_unFVXr8oO-dl75NK26FWkPIToYPPBNPIDYLQcbCC1zkDkps_8V41EkXkWvd0Nb2G_CxA7RGxf1eM8dg-njOaJ7g=w531-h240-k-no,-6.9289802,107.6238889,https://www.google.com/maps/search/?api=1&query=BODAS+Bandung,2024
AOM,Cafe,-,AOM adalah kafe dengan konsep minimalis yang menawarkan kopi dan menu ringan. Tempat ini cocok untuk nongkrong santai maupun bekerja.,"4,5",250000,1000000,https://lh3.googleusercontent.com/gps-cs-s/APNQkAHeBEK53x-l41qqnAIYLMhArltzcsgHf5eXoWOjYsoUN19BdA8Z9u5rBga0ojYbmCwlB9mjYQhRNinh7HCI2FsiptQlzhm_eT6rR2-2PWaYGIfT2Kzh1_1o049BW4bSRK0vuQfV=w408-h272-k-no,-6.901635,107.59751,https://www.google.com/maps/search/?api=1&query=AOM+Bandung,2024
Kedai Kokomo,Kuliner,-,Kedai Kokono menyajikan berbagai menu makanan dengan konsep casual dining. Tempat ini dikenal dengan suasana santai dan menu yang cukup beragam.,"4,9",25000,50000,https://lh3.googleusercontent.com/gps-cs-s/APNQkAHuxn6yux3LkQtgl5vQoeQ3-eNCv1KmwNSp9hVx5Xq6XBTszYptreNXDx3STK73KOINbxYbSZlwIVbKzEG5_193xLUprbM-k5WbHcG8hobwvYL9t8gyxNoa6IYv3xzd7QmyIwtvRjTB4NcF=w408-h544-k-no,-6.9192406,107.5997456,https://www.google.com/maps/search/?api=1&query=Kedai+Kokomo+Bandung,2023
Rumah Empat Delapan,Cafe,Kuliner,"Rumah Empat Delapan merupakan kafe dengan konsep homey yang menghadirkan suasana seperti di rumah sendiri. Menu yang disajikan beragam, mulai dari kopi hingga makanan berat.","4,8",25000,50000,https://lh3.googleusercontent.com/gps-cs-s/APNQkAHUvC0Rao5v0xWSx3LZzV7Dgt-5xEEPkbmdx8frfg-CTUdJCeAMvmivMJMl3gJHvooGdNaasllSbVwSiEwXmx8PUWWTuDdstV6Txj9pIzBKP0ygU0o2NmMlYLmVSPkWNXr9E9nldMxUG9mp=w408-h306-k-no,-6.9026867,107.6412489,https://www.google.com/maps/search/?api=1&query=Rumah+Empat+Delapan+Bandung,2022
RICI by Matoa Group,Cafe,Kuliner,RICI adalah tempat makan yang menyajikan menu kekinian dengan konsep sederhana. Tempat ini cukup populer di kalangan anak muda Bandung.,"4,9",50000,75000,https://lh3.googleusercontent.com/gps-cs-s/APNQkAGsYuukYhhT2XvemDjQTfdHvQ-0yDgOqkviYgnii5FrZj8r6VjjMfHqi2xbmOBkEtD5iKVSpjcurUxxAEqkVGuCp9a4kv1XQX54Pk88Z72hchWMqCXzys5Yxs5Cejtw7Vmd7GotNKaVctgA=w408-h544-k-no,-6.8858791,107.6128539,https://www.google.com/maps/search/?api=1&query=RICI+by+Matoa+Group+Bandung,2024
Legenda Tiga Ayam,Kuliner,-,Legenda 3 Ayam menyajikan berbagai olahan ayam dengan bumbu khas yang kuat. Tempat ini dikenal sebagai pilihan makan dengan menu utama ayam yang variatif.,"4,8",50000,75000,https://lh3.googleusercontent.com/gps-cs-s/APNQkAHKNBVgkvMXxfmz4OV4VTWJZkKE5aSqGbbcv4xtTuXmXx05z8B0fKyBhqOigeMAD2RGgFrDfOsg7mlKokzfpmnsapZM9OhBbtRFTzUAl8XUH_uKsacyEDrdE1SpChA36_T5QoVlUtaqkHk=w408-h544-k-no,-6.9070999,107.6209078,https://www.google.com/maps/search/?api=1&query=Legenda+Tiga+Ayam+Bandung,2023
Braga Bakkerij,Cafe,Kuliner,Braga Bakkerij merupakan toko roti legendaris di kawasan Braga yang menawarkan roti dan pastry klasik. Tempat ini mempertahankan nuansa heritage yang khas.,"4,7",25000,50000,https://lh3.googleusercontent.com/gps-cs-s/APNQkAHk2k2mO9uLniaXYhsEAGF8ajO5MvDk7cxDJo5fKYAcUJyz83z0bNavh_F0ZtslAev8XJkFd2aSy5ophfmjEUVV3qr1TroVQ1G3qSRm9z1DZKA8uf7dPUFDZYYrJfQMG8xViTV8AOzKSY8=w408-h272-k-no,-6.9164232,107.6090441,https://www.google.com/maps/search/?api=1&query=Braga+Bakkerij+Bandung,2024
Le Braga Coffee & Kitchenette,Cafe,Kuliner,Le Braga adalah restoran/kafe di kawasan Braga yang menyajikan menu western dan Indonesia. Tempat ini menawarkan suasana klasik khas pusat kota Bandung.,"4,6",25000,50000,https://lh3.googleusercontent.com/gps-cs-s/APNQkAEAqaRqElpNTP3EuG0X-0ezhSjem9qmZMkZUiXjF8rI4iElZYJ4SBOlGNE9M9GgnyBPUyhQaqaQUgLZ5TOI-StJ5TPwroUbQZhBqbb_F-g3HYEhyf4-DGvrCiZA5OL9J17E2iR7=w408-h544-k-no,-6.9198012,107.6098736,https://www.google.com/maps/search/?api=1&query=Le+Braga+Coffee+&+Kitchenette+Bandung,2024
Sweet Cantina,Kuliner,-,"Sweet Cantina merupakan toko es krim yang berada di kawasan Braga terkenal dengan rasa yang autentik, menjadi salah satu toko yang wajib dikunjungi!","4,5",25000,50000,https://lh3.googleusercontent.com/gps-cs-s/APNQkAGnb4ahvxcNK4bKCrp-sRClPUFWpgT1i5jUXJZJH6Y6CCkSy8-7HG8tlDvsF9ws9mb3Fq1HslIcEl4wZhGV3vko-gF7mHrx9CyV5h1i53T7F4vEDPQZUFzHPSDeQV638LoFUsbY=w408-h366-k-no,-6.9173474,107.6092231,https://www.google.com/maps/search/?api=1&query=Sweet+Cantina+Bandung,2024
Rpublic,Cafe,-,"Cafe yang berada di tengah kota, biasa jadi tempat nongkrong ataupun makan dengan suasana yang kalem.","4,8",50000,75000,https://lh3.googleusercontent.com/gps-cs-s/APNQkAGDAo5I3nwFVgit2zTAwbv2w6bUe2FHts00OBGzoj2NRQlI7tFgdYXY9wydHOs3xbsKG9cDP7-zqkf-hI5JoPi3SKD6s1VyQNqV76qWhPySirAyFqK6do0iJ_rBvg25OdpbWvHZZVIHVcox=w408-h306-k-no,-6.9050963,107.6149729,https://www.google.com/maps/search/?api=1&query=Rpublic+Bandung,2023
90 Gourmet,Cafe,Kuliner,"90 Gourmet merupakan tempat makan yang menawarkan berbagai menu makanan modern dengan konsep casual dining. Tempat ini cocok untuk makan santai bersama teman,","4,5",50000,75000,https://lh3.googleusercontent.com/gps-cs-s/APNQkAHzNMb49QbCipa9o-jfwnttrp3uPYPd-a1X1XxB1jDzOCiIEduCRVuBDAZ7o9Ugv8CsU1BLWRSSG9aYd08GJL_4qX84ied6bN4I2HwgxUKGrA566IZesT_vzBbVE3CwTIVaQuf3_C8gOart=w408-h544-k-no,-6.9086091,107.623803,https://www.google.com/maps/search/?api=1&query=90+Gourmet+Bandung,2024
Kinterra Coffee & Space,Cafe,-,Kinterra space jadi salah satu cafe kekinian yang hits di Bandung! Cocok buat ngopi santai ataupun nongkrong bareng temen,"4,9",50000,75000,https://lh3.googleusercontent.com/gps-cs-s/APNQkAF9CBe9neFroWyHUZinayf9BtRbkKQO1WT0U4u2zoLLNBHNP2jUppBD5-AjAYuwl8FqmTBLT8zYATmOHzh5lcNrTSsMhXKOFTG9zKp3ujNnRagBzOFEhN3C9mIhTdSEkVYlT5yrPCZiVBw=w408-h544-k-no,-6.9280646,107.6217594,https://www.google.com/maps/search/?api=1&query=Kinterra+Coffee+&+Space+Bandung,2024
Membuai Cafe & Resto,Cafe,-,Membuai merupakan kafe dengan suasana tenang dan desain estetik. Tempat ini cocok untuk bersantai sambil menikmati kopi atau minuman ringan.,"4,8",25000,75000,https://lh3.googleusercontent.com/gps-cs-s/APNQkAGG_fcps8nGxi_biF6cpB3x_U7AY55nizxoK-NjVdN_4s9LrUiOaJ3hvasS1zW5WRQWLlLbaH6Wr-p-YBDf8zO-4JQQcSCYvGgYytj8PVd_ak748THoU4UlMALpZZ6-IxihGvF8HppdGbOi=w408-h306-k-no,-6.8725833,107.6052924,https://www.google.com/maps/search/?api=1&query=Membuai+Cafe+&+Resto+Bandung,2024
Noi Nan Pat Chawadee,Kuliner,-,Noi Nan Pat Chawadee adalah tempat makan yang menyajikan hidangan dengan cita rasa khas Asia. Menu yang ditawarkan cukup beragam dengan konsep modern.,"4,2",25000,50000,https://lh3.googleusercontent.com/gps-cs-s/APNQkAFogmb3oOZUB2qMsKdxECN0xRz7v7jFue6m22o3RVCtrjSeFgAcNvUq7yUUkr-nFCH8mlKdaO0u3j6RS5VOLToSbvILgZMlBle-qMFD8u5_0GrrdfSktjPv5Yb7Rn8jeKLuIZPuSQ=w408-h306-k-no,-6.9193648,107.6097054,https://www.google.com/maps/search/?api=1&query=Noi+Nan+Pat+Chawadee+Bandung,2024
Tabbyna's House,Belanja,-,Tabbyna's House hadir menjadi toko yang menjual bracelet bagi pengunjung yang menyukai barang-barang gemas dan aksesoris kekinian.,"4,6",50000,100000,https://lh3.googleusercontent.com/gps-cs-s/APNQkAFuZnhkW1RZE6ndnmrtJYYbAadPm4DVTeJRKTnOiRx1U0mA76yaDiFpPuzmzpWO-LMD6QlQoz0M0HnZkWOL28i3_Qkz2skEHiIBHzseal8UVxFpara9jeI2rSzczTK7UtKj_zu9QYz-3-GA=w408-h544-k-no,-6.6073481,106.8015953,https://www.google.com/maps/search/?api=1&query=Tabbyna's+House+Bandung,2023
VOLUME HOTEL | Pasteur,Hotel,-,Volume Hotel adalah hotel dengan konsep modern minimalis yang menawarkan kamar nyaman untuk wisatawan maupun pebisnis. Fasilitasnya cukup lengkap dengan harga yang relatif terjangkau.,"4,9",500000,1000000,https://lh3.googleusercontent.com/gps-cs-s/APNQkAHqK9VuxdNJ5az2yE0krMyqcP_Yi0hNMvVedwFJV8WARlB662TQgIK01P07RBtH5vIaFPQ4oPlCgcmFOodk2_6U6w5VIvvv0j4FRF9dTZRnLaRH4WfuoUphxChSuMIjA59uBO1j8adWU8x8=w408-h612-k-no,-6.8927903,107.5838263,https://www.google.com/maps/search/?api=1&query=VOLUME+HOTEL+|+Pasteur+Bandung,2024
Alur Hotel,Hotel,-,Alur Hotel menghadirkan penginapan dengan desain kontemporer dan suasana tenang. Lokasinya strategis sehingga memudahkan akses ke berbagai tempat di Bandung.,"4,9",500000,1000000,https://lh3.googleusercontent.com/gps-cs-s/APNQkAHI5R8ZazFGg14n0HX43KfeZK0LoGtkLLgEEBwuPsVvzhV8bPdpauCSdgKRLrZnmwlNqvHA5e6yEqnQq6DQhv-mNtsaQX2_L8EsFl0rQi7W92A7i5depZl9Ly3eBUuLbSYLymsUL2H3Qle9=w408-h272-k-no,-6.9084996,107.6296111,https://www.google.com/maps/search/?api=1&query=Alur+Hotel+Bandung,2023
La Cama Hotel Bandung,Hotel,-,La Cama Boutique Hotel menawarkan pengalaman menginap dengan konsep boutique yang estetik dan nyaman. Setiap kamar didesain unik dengan nuansa hangat.,"4,6",450000,1000000,https://lh3.googleusercontent.com/gps-proxy/ALd4DhGs8NnEpjFiem-ksnmCNzIry50geHPMfahfOnwQS3NnYd-kyso65ZdNgIOegp1_WUay_zJFKuAcMbVoqmpIo4GhVDQ_-RirbeXRlvCMW84Hr3-jhxnkvo5ZwAtvqXqiS3LOrVBwueFnXJg-b9O4BVjDkwh3l2MVTUpPk1DNpzSebbLbEfSDcnSBxQ=w408-h933-k-no,-6.8832424,107.5962513,https://www.google.com/maps/search/?api=1&query=La+Cama+Hotel+Bandung+Bandung,2024
FULMAR Pasteur,Hotel,-,Fulmar Pasteur merupakan hotel yang cocok untuk perjalanan singkat dengan akses mudah ke tol Pasteur. Fasilitasnya sederhana namun cukup nyaman untuk beristirahat.,"4,7",700000,2000000,https://lh3.googleusercontent.com/gps-cs-s/APNQkAEwqImM3Dz-mXYMEFxVVVnv8xnBThjXOrAR4By47dKH3b4NVdKe-aPa9b3x2v3qZMlFVYmyvNiYUAu1yPj12SWswdRRJv0-NOOF3NvbIZsL64C-lrO_l11FUFkLcJS7rWJhf3ro=w408-h306-k-no,-6.8855412,107.5832486,https://www.google.com/maps/search/?api=1&query=FULMAR+Pasteur+Bandung,2024
The Paskal Lane,Hotel,-,The Paskal Lane adalah penginapan yang terletak di kawasan strategis dekat pusat kuliner dan perbelanjaan. Tempat ini cocok untuk wisatawan yang ingin menjelajah kota.,"4,4",300000,1000000,https://lh3.googleusercontent.com/gps-proxy/ALd4DhF0mOKS8zyFIRKGuyVVJ6CJnQMOSgH-6D79fhPfHGw2xszLOjdpsmdyggm5XRmGW2ybgzhAm2GLeXDH_f6mz2k0jnRQNuWK-rC1ALtd1wFKfj8-84I01nc4qNKTz3TEG1gIrZOTEcrNxHJz1-znNx-3dDP0vM20N2LFMBNMR_xD86H5sBrzcKs=w408-h544-k-no,-6.9089081,107.5998093,https://www.google.com/maps/search/?api=1&query=The+Paskal+Lane+Bandung,2024
Grand Tebu Hotel,Hotel,-,Grand Tebu Hotel merupakan hotel bintang tiga dengan fasilitas lengkap seperti kolam renang dan restoran. Lokasinya dekat pusat kota sehingga mudah diakses.,"4,5",400000,1000000,https://lh3.googleusercontent.com/gps-cs-s/APNQkAGy5wNI7g83igD-JofGq8pwWUIp9OJWXz1nEQtTv_bv08rMnbz0Rm-OeXuMcHY6UHL1fM9Ykmc2RRBgy3-akG8-k2BKUtGe74JJypJRLCfRlm7pyWJv6QTvXj5nlvRVmY4PLGch=w408-h272-k-no,-6.9129957,107.6293198,https://www.google.com/maps/search/?api=1&query=Grand+Tebu+Hotel+Bandung,2013
Cartel (Creative Restart Hotel) by Damn! I Love Indonesia,Hotel,-,Cartel Bandung adalah hotel dengan konsep modern industrial yang populer di kalangan anak muda. Desainnya unik dan instagramable.,"4,6",400000,1000000,https://lh3.googleusercontent.com/gps-cs-s/APNQkAH_dpP5lF1fNb1pUiqDa0G3XG6wYncgxwiE0hYfoqnwhkK2dNoRDNTI68ykf1U0uPEdU7p9TlrdpobkjOPbEjJKykflPfMxWtJEMUXkqx0Rde60str7q7Wz31Wq3o7Xw-hEIYg=w426-h240-k-no,-6.8648568,107.626441,https://www.google.com/maps/search/?api=1&query=Cartel+(Creative+Restart+Hotel)+by+Damn!+I+Love+Indonesia+Bandung,2021
Kembang Deli Kopitiam,Kuliner,-,Kembang Deli Kopitiam salah satu resto kopitiam yang ada di bandung! Bisa jadi one of your choices kalau mau kulineran ala kopitiam gitu!,"4,6",50000,75000,https://lh3.googleusercontent.com/gps-cs-s/APNQkAGU9B8J-mGaDW2dWRcsjI6at0VvidBtjegQhGsLcKGeRT2hGKhzzp9Mu8QzQWZf48qHK7x9nepJIjfy2PywKUTSP60b4T8NC6MkTSJS-r-YpwiNoA0WmI2LwRw44SfFrQ28mUsRQ3KRxck=w408-h724-k-no,-6.9107221,107.6261331,https://www.google.com/maps/search/?api=1&query=Kembang+Deli+Kopitiam+Bandung,2025
Aksara Hotel by Aruna Group,Hotel,-,Aksara Hotel menawarkan penginapan dengan fasilitas modern dan desain elegan. Lokasinya cukup strategis untuk perjalanan bisnis maupun wisata.,"4,9",800000,1000000,https://lh3.googleusercontent.com/gps-cs-s/APNQkAH1aEn2rfnmIoAVGYu2iXyCNWT5IH4L5748sBY-QkxAmY-IgjqBdaH60br72FDcgKThvqOa--3ahdeLExpAXFlRgWO-502oUHjOtIbJE0P6IaQVKNZeAaldSQUFxycuA82Wup_lkzm26ceO=w408-h544-k-no,-6.8732515,107.6069229,https://www.google.com/maps/search/?api=1&query=Aksara+Hotel+by+Aruna+Group+Bandung,2026
The Gaia Hotel Bandung,Hotel,-,Gaia Hotel merupakan hotel mewah dengan pemandangan alam dan fasilitas premium seperti infinity pool dan spa. Tempat ini cocok untuk staycation.,"4,8",1700000,2000000,https://lh3.googleusercontent.com/gps-cs-s/APNQkAGsYfYEibruZXIbnct8p-xxL-q-M0HsnlKlNFgxbhy7XHWxCAxNy7XTTvq2LXkQnZL9xHec5VKpIBFSNmEl7UZvchMTEuSbNM9vSUFkDk9h31ACqs8uxoh2ZN4piPrJ9-1zt7CA=w408-h368-k-no,-6.8439761,107.6006596,https://www.google.com/maps/search/?api=1&query=The+Gaia+Hotel+Bandung+Bandung,2016
Blackbird Hotel,Hotel,-,Blackbird Hotel adalah hotel dengan konsep modern minimalis yang dipadukan dengan kafe. Tempat ini populer untuk staycation santai.,"4,4",500000,1000000,https://lh3.googleusercontent.com/gps-cs-s/APNQkAFZ8hKdmPGodogNvs6X_1lDpnekUsesao4gAX739W9sL9YV2kJEIALUR1JrzSgvIZ0Pg5yLX-bPgNIOv7AMzoDGNoX502raHpUZE7CAm9wwYcKEilkQJlGsnJQdJrEGMD4ahPVRrw=w408-h306-k-no,-6.8314262,107.5961124,https://www.google.com/maps/search/?api=1&query=Blackbird+Hotel+Bandung,2017
Kollektiv,Hotel,-,Kollektiv Hotel dikenal dengan konsep unik menggunakan kontainer sebagai bangunan kamar. Desainnya modern dan ramah lingkungan.,"4,7",450000,1000000,https://lh3.googleusercontent.com/gps-cs-s/APNQkAEe617eunXFduvC1NkmjKaKxZu3cNtkUsjxkDNxu5yZzSKTDHva-OGCEEBOvKgqIvn1uNEcTp2gESyLZF579VfzY3GhW1Xgybo5eWY5QLtAj51DbttUW8fF_yI4YKED5_gA-p6DuA=w408-h253-k-no,-6.878018,107.5868077,https://www.google.com/maps/search/?api=1&query=Kollektiv+Bandung,2017
Casabella Bandung PVJ CIWALK PASTEUR LEMBANG,Hotel,-,Casabella merupakan penginapan dengan suasana nyaman dan cocok untuk keluarga. Tempat ini menawarkan fasilitas sederhana dengan lingkungan tenang.,"4,7",600000,1000000,https://lh3.googleusercontent.com/gps-cs-s/APNQkAGJDYRYtRUDiBaAPACY0jWDckwXNjRrZUi19S-uYKqGlnk52pSVLnvpnUdshwhMIKM6TsTwbtPJmpbbd89bJEMp5uDsDzbLjB4NvYAS_F1gme6eKGCKGFO1t1JuLOu8YSKdCIU0MQ=w408-h272-k-no,-6.8886261,107.5969765,https://www.google.com/maps/search/?api=1&query=Casabella+Bandung+PVJ+CIWALK+PASTEUR+LEMBANG+Bandung,2018
Little Mykonos,Hotel,Wisata,Little Mykonos Bandung adalah destinasi wisata dengan konsep ala Santorini/Mykonos Yunani. Tempat ini populer untuk fotografi karena desain bangunan yang unik.,"4,7",300000,1000000,https://lh3.googleusercontent.com/gps-cs-s/APNQkAHp94QJ1vtRdAnHq4sC_NtNFAeweYKNfqdV-9zpae6Yr_pZVs7e0hGaJeSXwAqo1AT79CEyCQBp_cCh2eqCYOSvAENrSz4zMcDrgLBnjfT4N7t4pwmxcQ27owT1fD4IU_rGJHYbStKL40lU=w408-h544-k-no,-6.9110865,107.6058889,https://www.google.com/maps/search/?api=1&query=Little+Mykonos+Bandung,2022
Saintenn Inn,Hotel,-,Saintenn Inn menawarkan penginapan sederhana dengan harga terjangkau dan lokasi strategis. Cocok untuk backpacker maupun perjalanan singkat.,"4,7",700000,1000000,https://lh3.googleusercontent.com/gps-cs-s/APNQkAHUvVihJ5Mmijl2D1kRtd4I9iMDt5rMs571RcpQWGa2pP_hoFNqGPNRISCbKzrVaqd1UjNAzsycww1APCLn-1VllBWyTs8bsmgouUaO5wlRVCBKvQKJ9y6UMc40w-TTEYpsIbjIGcRAobqm=w408-h444-k-no,-6.9056716,107.6273505,https://www.google.com/maps/search/?api=1&query=Saintenn+Inn+Bandung,2019
The House Tour Hotel - Uphill Sersan Bajuri,Hotel,-,The House Tour Uphill Hotel adalah hotel dengan konsep desain unik dan suasana sejuk di dataran tinggi. Tempat ini terkenal sebagai spot staycation estetik.,"4,1",500000,1000000,https://lh3.googleusercontent.com/gps-cs-s/APNQkAEnFLnAs_w-qjaTUxxwCuaFP0q31f6cCXS4CFlQ2bQ7yLPLUfrp2L3M8AQlS1gh9qFJujqmRV_LX0S2oj_Qf0Kqtj4CVs5RxreLIUvVEmG7QAFEcBwH9lu5hmoORAodayMA7MTG=w426-h240-k-no,-6.8318917,107.5949911,https://www.google.com/maps/search/?api=1&query=The+House+Tour+Hotel+-+Uphill+Sersan+Bajuri+Bandung,2018
Hummingbird Eatery & Space,Cafe,Kuliner,Hummingbird Cafe merupakan kafe populer dengan konsep sarang burung yang unik. Menu yang ditawarkan beragam dari western hingga dessert.,"4,7",50000,1000000,https://lh3.googleusercontent.com/gps-cs-s/APNQkAGsVwJGzUQSX0KDr28o5OGYqItqU-H_SYgL1FbCjWJ8TNZqwZmHnVyhN8zUIEesyBEkcRlVKaNCV2D-I-EVLWmb1MdT78mJxLLsM0ESwxE1mfvdEsbyUNXL_Sa9w2_NrzI_x3WK=w408-h543-k-no,-6.9049353,107.6183885,https://www.google.com/maps/search/?api=1&query=Hummingbird+Eatery+&+Space+Bandung,2016
Spot 43 Hotel & Cafe,Hotel,-,Spot 43 Hotel adalah hotel budget dengan fasilitas sederhana namun nyaman. Lokasinya cukup strategis untuk menjelajah kota.,"4,7",450000,1000000,https://lh3.googleusercontent.com/gps-cs-s/APNQkAE8P6SiRUjrMc9zSInhvrWmOwq-_FfswTR4J1lHr_tCQvGXO0jpDNxuFog58BftvPCxKvCvS90aut-c23hZ8SyvfO5oEj85bOhMJ7RcA_F2qHmDdj9EgxY90PM-ybUk5sOC0OLM=w408-h306-k-no,-6.9044237,107.6158177,https://www.google.com/maps/search/?api=1&query=Spot+43+Hotel+&+Cafe+Bandung,2024
23 Paskal Shopping Center,Belanja,Hiburan,"23 Paskal merupakan mall, pusat kuliner dan hiburan dengan konsep food market modern. Tempat ini sangat populer sebagai spot nongkrong di Bandung.","4,6",0,1000000,https://lh3.googleusercontent.com/gps-cs-s/APNQkAHkRUisfxRzTWGUQ-ej9xH_1MSzhyItQsUnHdHTz0uGGn6SIubVWzndtZYp9MGK1YWz0tW7A6AoY-80kaoUNrAgqxjKiRsxxqkgIBL0yy0f_33Rjx__D6i8BUgtND0uai1MwIZE8VfFJETx=w408-h306-k-no,-6.9152733,107.5945388,https://www.google.com/maps/search/?api=1&query=23+Paskal+Shopping+Center+Bandung,2016
Papaya Fresh Gallery Bandung,Belanja,-,"Papaya adalah supermarket yang menyediakan produk impor, terutama dari Jepang. Tempat ini populer untuk mencari bahan makanan premium.","4,7",0,1000000,https://lh3.googleusercontent.com/gps-cs-s/APNQkAHKoU99AIaGqCwAOX5DFNH58ToUXYJJCnzaTxGj0enbAhiqa12iUDRyzaWHTgLxC261qFx4bGLPwP0-PYDTKylfClV2XVKqeN4dtH3VpkKjQdUwk9upZhrh3He9K5IPWDVl2JB6GSXKE-cO=w408-h306-k-no,-6.8794796,107.5976294,https://www.google.com/maps/search/?api=1&query=Papaya+Fresh+Gallery+Bandung+Bandung,1995
AEON PVJ Bandung,Belanja,-,"AEON Mall merupakan pusat perbelanjaan modern dengan berbagai tenant retail, kuliner, dan hiburan. Tempat ini cocok untuk rekreasi keluarga.","4,6",0,1000000,https://lh3.googleusercontent.com/gps-cs-s/APNQkAEvYvHB5pgKjrGbmnbuao6F0whrhGq_rNpjNZoaekjebtNKDmKO84utqbSTlLyNgFXqU_tlBRnZ6ERSYnmOsLPbKPtf-zViQ7X_XIegmZYdvn31MiIk5hl0ZGizKZ6dpW_vTfrAaEMPwRo=w426-h240-k-no,-6.890287,107.595665,https://www.google.com/maps/search/?api=1&query=AEON+PVJ+Bandung+Bandung,2025
Artisan Coffee,Cafe,-,Artisan Coffee adalah coffee shop yang fokus pada kopi berkualitas dengan teknik brewing modern. Tempat ini populer di kalangan pecinta kopi.,"4,7",25000,50000,https://lh3.googleusercontent.com/gps-cs-s/APNQkAFVZrhp98vQiyWz70JDHYXoIh8ocxHVV_oAtfF6lGC4ISRNpQB8PAROuDmHNN9J1xiyTUAWQGdYuG3oxqS7_Nq8gRs07Nj7cVUCd4emcQFzkiCluky6Ep7ia_aLki1B_iur8eprED6yVS0u=w408-h306-k-no,-6.8732192,107.6069388,https://www.google.com/maps/search/?api=1&query=Artisan+Coffee+Bandung,2026
"COMA - Coffee, Matter.",Cafe,-,Coffee Matter merupakan coffee shop dengan suasana nyaman dan desain modern. Cocok untuk bekerja maupun bersantai.,"4,9",25000,50000,https://lh3.googleusercontent.com/gps-cs-s/APNQkAHnCETqpqkEj5ucKFZotljX_zilgGrJMeE_wsBqAuos2D0e7MOLpxtmloVWyzP9snPdK0BJclJbBeSfVu27WmLj9J3GB3LWIRl6QZApQZGciitPu1r1WYVoz3pTZydDB5xKYDPz9fZ0lzD4=w408-h306-k-no,-6.9176871,107.6287332,"https://www.google.com/maps/search/?api=1&query=COMA+-+Coffee,+Matter.+Bandung",2025
Gaya Brasserie,Kuliner,-,Gaya Brasserie adalah restoran yang menyajikan hidangan western dengan suasana elegan. Tempat ini cocok untuk makan santai maupun acara spesial.,"4,7",50000,75000,https://lh3.googleusercontent.com/gps-cs-s/APNQkAHrct58FNvbTdFH3xFBrD6UDOEs7aO1RUNK2_MAnieER420XNAMPA_67Ftbn5Wckb_LFSNp2Yi1XqKTHl1UjI3Q2rAhZ6-41TgcLl4DgGRyO3-qFs4C9HITMj4dUJi5wjcY4HOP=w408-h538-k-no,-6.9081817,107.6244939,https://www.google.com/maps/search/?api=1&query=Gaya+Brasserie+Bandung,2023
HEYKAMA EYEWEAR STORE,Belanja,-,Heykama Eyewear merupakan brand lokal yang menjual kacamata dengan desain stylish dan modern. Produk-produknya cukup populer di kalangan anak muda.,"4,9",150000,1000000,https://lh3.googleusercontent.com/gps-cs-s/APNQkAFw4pJXgV-Ox2GcwfdITw_9n5hfG3UQ8ZAS0NRV82_h8XfkCfPFtvzjcK1dXKArjDd6EJvBU-nec_-RWJRUO2W3m61x6_kQw_Xbhn3Je_EfXF1agTvX2wukx7ByrexQ5p11QiXLhK5A2Qj-=w426-h240-k-no,-6.907447,107.6184133,https://www.google.com/maps/search/?api=1&query=HEYKAMA+EYEWEAR+STORE+Bandung,2020
Bolen Tjihapit,Kuliner,Belanja,Bolen Tjihapit adalah toko kue yang terkenal dengan bolen pisang khas Bandung. Produk ini sering dijadikan oleh-oleh.,"4,6",50000,75000,https://lh3.googleusercontent.com/gps-cs-s/APNQkAHlKEUgbKyek5XFm-CX_ESBKTZMZ6bTWFeN2TOJrZOjVjNiSo31PlbFRNAmPTv4iW1pFab5OsS7VydBdbvMhXmQsZOskfMcwmf2etoX1d6B7fgXpWdCpnc1bklJfIenxuZtp9HCT6wSffoc=w408-h655-k-no,-6.8990643,107.5544726,https://www.google.com/maps/search/?api=1&query=Bolen+Tjihapit+Bandung,2026
Kartika Sari Dago,Kuliner,Belanja,Kartika Sari Dago merupakan toko oleh-oleh legendaris yang terkenal dengan pisang bolen dan kue khas lainnya. Tempat ini menjadi ikon kuliner Bandung.,"4,6",50000,150000,https://lh3.googleusercontent.com/gps-cs-s/APNQkAGACLygLscAKnb3bqQXWY8i1vIJj4VXgWrNSILM7pRw85bH2J1LS4w5w7qgOa0d0IL-cbyLmnWYsjw6qAAwJ84lxRJyHgtzfO_MsQBkZGuyFo0RwZBmK2Z3uQv3GquoX33W_xwTAWhIvVE=w513-h240-k-no,-6.8974761,107.6122326,https://www.google.com/maps/search/?api=1&query=Kartika+Sari+Dago+Bandung,1986
Ficco Gelato & Caffe,Kuliner,Cafe,Ficco Gelato menyajikan berbagai varian gelato dengan rasa unik dan tekstur lembut. Tempat ini cocok untuk pencinta dessert.,5,25000,50000,https://lh3.googleusercontent.com/gps-cs-s/APNQkAFTA3OcE2g2McuSCG6bJskx3z2JwBPFwWZGeq9VAEXVX5_yoHS6FSHXpbbJhYIE_-9uXyFb_eGZwflFzGMwRsWfkmlvpmy8MVmWgapgNCidBtdB59XA-lfn9Od_-8gi_ZuZ_XveKJIGKVc=w408-h544-k-no,-6.9049784,107.6157163,https://www.google.com/maps/search/?api=1&query=Ficco+Gelato+&+Caffe+Bandung,2025
BATAGOR KUAH & MIE KOCOK SINAR KENCANA,Kuliner,-,Batagor Sinar Kencana adalah salah satu tempat makan batagor yang cukup dikenal di Bandung. Rasanya khas dengan bumbu kacang yang kuat.,"4,5",25000,50000,https://lh3.googleusercontent.com/gps-cs-s/APNQkAHnJDks9rSftKbuBUmfMQ2DDMvSGbzGrFQC8ogCsBbZhpAkChck4daYj06wFAr0jPJhJjcEyYG_YZ-wG2Bdy3rMfsBYvBzA66ONOdhi8edWDuRms1-4BQqgG-bWPrMQb8M-kib0kAEXvz2w=w426-h240-k-no,-6.9353244,107.6215105,https://www.google.com/maps/search/?api=1&query=BATAGOR+KUAH+&+MIE+KOCOK+SINAR+KENCANA+Bandung,2025
Bergamot,Cafe,-,Bergamot merupakan kafe dengan konsep modern yang menyajikan kopi dan minuman kekinian. Tempat ini memiliki suasana nyaman untuk nongkrong.,"4,2",50000,75000,https://lh3.googleusercontent.com/gps-cs-s/APNQkAFLi5_nse8GBKVaMmDDHVH6sxebVI2dgVnzdKnmxGh6J36AKOg8l-UohzNbERKqblXbKNhPm9zRe_xo4NMIMweIChjJVY_vNx_EXPyvod4RBChGBBqapFD2KcreoXnoKw64p42MTy_-iLzs=w408-h306-k-no,-6.8790259,107.5839488,https://www.google.com/maps/search/?api=1&query=Bergamot+Bandung,2025
Pasar Cihapit,Belanja,Kuliner,: Pasar Cihapit adalah pasar tradisional yang terkenal dengan berbagai kuliner legendaris. Tempat ini sering dikunjungi untuk wisata kuliner lokal.,"4,6",25000,100000,https://lh3.googleusercontent.com/gps-cs-s/APNQkAHDaRD6XMKeqEXfbR1WxmWPFZ9h7XDkjxB3LX7T8297LOguNxog596g4JrJJcelgQWo6iqg4Oa-NNVxaxSDnKnCYLxnPE6Ah5CVmns4-nDFsJ3-6uOiTn0Dhh7Zs016LrFFwIy6g6x9L1U=w408-h544-k-no,-6.9081698,107.622491,https://www.google.com/maps/search/?api=1&query=Pasar+Cihapit+Bandung,1951
Warung Nasi Sida Mulya,Kuliner,-,Warung Nasi Sida Mulya menyajikan hidangan nasi dengan lauk khas Sunda yang sederhana namun lezat. Tempat ini populer di kalangan warga lokal.,"4,4",25000,50000,https://lh3.googleusercontent.com/gps-cs-s/APNQkAH3ChvpGf68hHPAkebNgDwa4WZNNkemZSmWSUiCqHE94cdcyWWcJ5dpT8rTnZWtybRBK7fPTWNqukte5Io1HdM4bxP46yIzC3Qxp5oixK3KPgIsAHUJ6wEl1Xn_fEGaSZjJv-A4=w408-h306-k-no,-6.8039837,107.5848777,https://www.google.com/maps/search/?api=1&query=Warung+Nasi+Sida+Mulya+Bandung,2016
Balconé Lodge,Hotel,-,Balcone Lodge adalah penginapan dengan konsep alam dan pemandangan pegunungan. Cocok untuk staycation dengan suasana tenang.,"4,8",500000,1000000,https://lh3.googleusercontent.com/gps-cs-s/APNQkAG006RHl3teCsAMd2XP2UwkbTvBlTvDq9C2YIv-gvd0ZaqwrXvLNjv9ALCop_yvvnt16iGh0iLKgi1qs1Ctmet_8IKOXD7ak5JoS1KE40J3lgV7lX6OEZGYLk4a_ONi4-_bpPQnEQ=w408-h543-k-no,-6.8709037,107.6078764,https://www.google.com/maps/search/?api=1&query=Balconé+Lodge+Bandung,2023
Talupa bistro and brunch,Kuliner,Cafe,Talupa Bistro & Brunch menyajikan menu brunch dan western food dengan konsep modern. Tempat ini cocok untuk sarapan atau makan santai,"4,7",25000,50000,https://lh3.googleusercontent.com/gps-cs-s/APNQkAEQu0SIDzHH0m_N0SNxVQQ6Zq8jeW5Cljfp9ke_FfqNs9vfBw_m2u73xpnFXMp3aJts9LYhYOSOhYwKrb9XIgolGhyZcWlvXiK-KhU99vdnozDv8JNPGCage3cyP_tp0wlcv449x_zuPW-W=w408-h408-k-no,-6.8908655,107.6161858,https://www.google.com/maps/search/?api=1&query=Talupa+bistro+and+brunch+Bandung,2024
Aroem Bandung Resto & Cafe,Kuliner,-,Aroem Bandung adalah restoran dengan konsep klasik yang menyajikan masakan Indonesia. Tempat ini sering digunakan untuk acara keluarga.,"4,9",50000,175000,https://lh3.googleusercontent.com/gps-cs-s/APNQkAHxu-3yEt8FF5nX5bGF070RYA4XHXjVNcqU3soMjtKTPKEInKa0VdZxSuNKgbjq8oQKN6Ads8vumPhjj9arCT2CwHfpKQMR2dKunlL6-dM-rKfcl-WSemLvC3ugs3oO4KOPuGbM84zxNR8a=w408-h306-k-no,-6.8866053,107.6133884,https://www.google.com/maps/search/?api=1&query=Aroem+Bandung+Resto+&+Cafe+Bandung,2023
Bakeslane,Cafe,Kuliner,Bakeslane merupakan bakery modern yang menawarkan roti dan pastry dengan tampilan menarik. Tempat ini cukup populer di kalangan anak muda.,"4,7",50000,75000,https://lh3.googleusercontent.com/gps-cs-s/APNQkAGyV6focmcunzVT_6ReQpD7mh7cb-odZqeewWXS6e50KoKRCzQJEmPQG8b0aKhN4CShg_LA3iw9TZMBzr3gkASCKwP8aGMbzwly0uOqNTks6Pz5mLLCJQwQCnkQ5JmZPOY1F-dWp1ajVvCJ=w408-h301-k-no,-6.8932917,107.615422,https://www.google.com/maps/search/?api=1&query=Bakeslane+Bandung,2024
Heng 88 Bubur Mandarin & Batagor Special,Kuliner,-,Heng 88 merupakan tempat makan yang menyajikan hidangan khas Chinese-Indonesian dengan rasa autentik. Tempat ini cukup populer di kalangan pecinta kuliner.,"4,8",25000,50000,https://lh3.googleusercontent.com/gps-cs-s/APNQkAHA3TbhuLwzsFE3xh6CNr54xIdSX1I8tlWR6d6nlcP7Mm2cFxg3vZX1NYRHuDeSyz4jvS6leNgzjvfxltzmEINVL_B0SQPqhty3kkUz94h9P9Ey_kaCTYDFdNqfjedQPVWOGl7w-O_PHZIq=w408-h544-k-no,-6.9059432,107.613232,https://www.google.com/maps/search/?api=1&query=Heng+88+Bubur+Mandarin+&+Batagor+Special+Bandung,2026
Hara Cafe,Cafe,-,Hara Cafe adalah kafe dengan suasana cozy dan menu kopi serta makanan ringan. Tempat ini cocok untuk bersantai atau bekerja.,"4,5",50000,150000,https://lh3.googleusercontent.com/gps-cs-s/APNQkAHNH1Pw3axDcM752qsrLnhYJkqUwJxJH31q58HSKdXKwnx5zDfsDfmz9CU_JM_FOND5OwkEIlDJz_ixzfTheLK8MpFfimkluVGrBDpNTJjQ1RV7n1ZLW7S5AI8bhdbaxlL2ibFe=w408-h272-k-no,-6.8780919,107.586791,https://www.google.com/maps/search/?api=1&query=Hara+Cafe+Bandung,2024
Spark Stage 55,Hiburan,-,"Spark Stage 55 merupakan tempat yang digunakan untuk berbagai acara seperti live music, pertunjukan, dan kegiatan komunitas. Tempat ini memiliki suasana modern dan sering menjadi wadah ekspresi kreatif anak muda.","4,9",85000,150000,https://lh3.googleusercontent.com/gps-cs-s/APNQkAGa-wSpfE1wLH1ML5H7sORUKus569u0F7EIUpcajoOi9FNZZWDTAGkO0_MquBHgTTAXhKFgYsI-Mcq_RM_hcHinwnvBIulYgmEOwCQCgmYUoKCFLqx-Oxxl0ESmHhhNLuo2nLidQZVEN0Fo=w408-h272-k-no,-6.9078763,107.6183588,https://www.google.com/maps/search/?api=1&query=Spark+Stage+55+Bandung,2026
996 Council,Cafetaria,-,"996 Council adalah ruang komunitas yang digunakan untuk bekerja, diskusi, dan kolaborasi kreatif dengan suasana produktif. Jadi salah satu cafetaria yang didatangi anak muda buat nongkrong!","4,4",25000,50000,https://lh3.googleusercontent.com/gps-cs-s/APNQkAH49ljaH3vqxkjoO3SBM_BtVmxNcYFC7eIN676TgvqtNIevQ1x8x3qwjMCcBeRs7TOkfdtlBpSmStShWNf-it8uN_sPLnKyiv2ehrKzC9A1Ze2K7jaXKEGfGevaAoy29kWvBqDndg=w408-h612-k-no,-6.9062405,107.6128931,https://www.google.com/maps/search/?api=1&query=996+Council+Bandung,2024
Pict Me Please - Photobooth Granny's House (More Bakery),Hiburan,-,Photobooth Granny's House menyediakan layanan foto dengan konsep vintage dan properti unik yang bernuansa klasik.,"4,7",35000,100000,https://lh3.googleusercontent.com/gps-cs-s/APNQkAHY1fZ5GMaeWE7jWoaH03mQCrHKWMSDdgr-xKaresChJnNUEc64djSqqO0THC10hewzQZ2X0fQOHJQlyzW5QhVrdbwVzjqyosvls4cEPeQb3mREo5vbV6Ii2OSB7syexZkbcV-SUehbNRDE=w408-h725-k-no,-6.9035468,107.6297131,https://www.google.com/maps/search/?api=1&query=Pict+Me+Please+-+Photobooth+Granny's+House+(More+Bakery)+Bandung,2024
Sukaluyu Coffee,Cafe,-,Sukaluyu Coffee merupakan coffee shop yang menyajikan berbagai menu kopi dan minuman dengan suasana santai.,"4,9",25000,50000,https://lh3.googleusercontent.com/gps-cs-s/APNQkAEad_GXcI4m-EB4ARpMGL_FBbliaFLs1sOa9Iv28eOcXGItTC4ULtlL1gAaxSmeUPr2QyBY7jFfsN1igBV6C-4Utabsv-TU06fyXP1EZl8j_IG95A8MzOfyeB43V0Nq0YX5YmEcVHYrH_Oa=w408-h306-k-no,-6.8935398,107.6405232,https://www.google.com/maps/search/?api=1&query=Sukaluyu+Coffee+Bandung,2023
Game Mart PS5 Rental Store,Hiburan,-,"Tempat buat nyewa PS ataupun nintendo, bahkan bisa buat nonton di studio kecil-kecilan. Cocok buat hangout bareng temen!","4,9",25000,100000,https://lh3.googleusercontent.com/gps-cs-s/APNQkAGfGoKA6PTzkYiwGmnhSe6-jRBDw1itgB0QKIqYjv4_QDHoEL5VcleA4UgZHX-gcsyPHbcN2Okadb3_xRoB14JHoRzsCaYDgy2tHefCbkGmRIYLjxKEUA3b3O31UYTLlpKadhVgPp0aT-I=w408-h544-k-no,-6.9268847,107.6167266,https://www.google.com/maps/search/?api=1&query=Game+Mart+PS5+Rental+Store+Bandung,2021
D.dough Doughnut & Cookies,Kuliner,-,D.dough adalah toko donat modern dengan berbagai varian rasa dan topping kekinian.,"4,8",25000,50000,https://lh3.googleusercontent.com/gps-cs-s/APNQkAE1SDr51-ZDeG3qD1n5b613Aas4iBP49_4fheoK7ecn3zODhCHLOH-F8KArGpdAgnEVYmPSaKtmNob1NurCKtLyOqt7SUGC0e03WkYZ9Tu33d84zl7cZ-peJkeYuHBp5dpoSJ65Gv2WcXLE=w408-h544-k-no,-6.8960367,107.6005034,https://www.google.com/maps/search/?api=1&query=D.dough+Doughnut+&+Cookies+Bandung,2024
Ambrogio Patisserie,Kuliner,Cafe,Ambrogio merupakan restoran yang menyajikan hidangan khas Italia seperti pasta dan pizza dengan suasana nyaman.,"4,6",50000,150000,https://lh3.googleusercontent.com/gps-cs-s/APNQkAG-idAAwpyQmIzqb0cSXWRRgamHENkwyggxsjke5Hvr-lxIMvaaYFTGf3pSR0oEw1khSUbSwLgl4tBBNecoFPBATbfSr9Bq7b2fVgx9OOQm2a5k3yBmlO2CVCXPrPS1zAWZWhets1pzsqGp=w408-h408-k-no,-6.9082266,107.6175745,https://www.google.com/maps/search/?api=1&query=Ambrogio+Patisserie+Bandung,2023
Pesona Kampung Sunda,Kuliner,-,Pesona Kampung Sunda adalah restoran dengan konsep tradisional Sunda yang menghadirkan suasana alam dan saung.,"4,6",50000,75000,https://lh3.googleusercontent.com/gps-cs-s/APNQkAEWmEnqGZZxEcw4kbNSMbQVlC9U8hKlG09dx97M57J-srCjcj8kP8F9F1snkjTCXw7sCMssjxYDn7zCwJZYrgUWS-OI6HGYhxDz0BSrw5zwYUaoNsamWHwKc8YKWKse5yWEQ_LPkp7N60Ow=w426-h240-k-no,-6.9024789,107.6218789,https://www.google.com/maps/search/?api=1&query=Pesona+Kampung+Sunda+Bandung,2018
Narendang,Kuliner,-,Rumah makan nasi padang dengan sentuhan modern tapi gak menghilangkan ciri khas nya!,"4,8",25000,50000,https://lh3.googleusercontent.com/gps-cs-s/APNQkAGW2U9sVEsRe5f3NNS4krUsUh5BKT4rRm57Zl-wcqnzes4xkF1SscmCTiJ38oyp_OW3_91A5hAXGxsoTytaIbVyhnlry8WV6P1eXQF5daVWzG3CpV--RfxNajnwMv0oxdyQYE9n0w=w408-h544-k-no,-6.913934,107.6151509,https://www.google.com/maps/search/?api=1&query=Narendang+Bandung,2024
HGL Cafe,Cafe,-,HGL House adalah kafe dengan konsep rumah yang menawarkan suasana hangat dan nyaman untuk berkumpul.,"4,5",50000,75000,https://lh3.googleusercontent.com/gps-cs-s/APNQkAHQLHBdgpuv1dGlavM4GgvR225uGzKP6Ox0xVQWIh9_WcbaIWD7tT42rH76s0hnGRntpa-C6IEwFN98M3Ni33I1d-qZGJIry3XlgYzXdU5noifZR3BqZyqATRrMsmSYQ2-U8qgR=w408-h272-k-no,-6.9058632,107.6237493,https://www.google.com/maps/search/?api=1&query=HGL+House+Bandung,2024
Cafe de RURU,Cafe,-,Cafe de Ruru menyajikan berbagai dessert dan minuman manis dengan konsep tempat yang estetik.,"4,7",50000,75000,https://lh3.googleusercontent.com/gps-cs-s/APNQkAFY8ulAkJfS-U0VqmkCSgMAEwwj5i-xWziXyh2rw7rboVqHqaeSNuMaN2dn9xUs-ZDtRPTQRQohoQBxN4cC6SKeAeCQj3KZXTZkVfP9DEaDytQXW5EVaViB1F-dJ3jeuiKfOWAXlUTQT5wT=w408-h544-k-no,-6.9138914,107.6273258,https://www.google.com/maps/search/?api=1&query=Cafe+de+Ruru+Bandung,2024
Tapal Market,Belanja,Cafe,Tapal Market merupakan tempat yang menghadirkan berbagai produk lokal dalam bentuk market atau pop-up event.,"4,9",50000,100000,https://lh3.googleusercontent.com/gps-cs-s/APNQkAFpJrgWqKynXbBW3wQ_DFM41AD95TCD_xKTaPNvdt2lE2u0ScwswojthOVRzchW29DiwYFrWBR1snxMawVdu8SFXfCOB6qodJFL8h7XqvycVp0rZqKI8IjVniqFyL6RYi-LRPiuBkGSvBjZ=w408-h544-k-no,-6.9177123,107.6064707,https://www.google.com/maps/search/?api=1&query=Tapal+Market+Bandung,2023
Kopitiam Lim,Kuliner,-,Kopi Tiam Lim adalah coffee shop dengan konsep kopitiam yang menyajikan kopi dan makanan sederhana khas.,"4,7",25000,50000,https://lh3.googleusercontent.com/gps-cs-s/APNQkAFfGRKFu_birIZtKnnqLZdq3uv7QIF2K5Ua0n6nmlk5kqNaXYQ8pDWGf0K2kXdIenwpLe_99_rRpVjRw5LxlKJDT_KrEhbPvieXVJF3ecUKz4fm0q7dCvBlJ-az91QczS-UUAZxP-A1BGEE=w408-h544-k-no,-6.923482,107.6144378,https://www.google.com/maps/search/?api=1&query=Kopi+Tiam+Lim+Bandung,2024
Summarecon Mall Bandung,Belanja,Hiburan,"Summarecon Mall Bandung adalah pusat perbelanjaan modern yang menyediakan berbagai tenant kuliner, fashion, dan hiburan.","4,7",0,1000000,https://lh3.googleusercontent.com/gps-cs-s/APNQkAGXNSeTKwkmmATHuu_5KyldDBd6-Z5lM0ghPGtzs1iKtTCSA8iGJxtT4nCFfbo_Zx5PkR043NgW-8YiZUkq-Bhc3SCKImkEauaanwkApujlNTUkC8iurQP1XB04wQzO7Hik5OeA9RcJxXCj=w408-h306-k-no,-6.9551784,107.697701,https://www.google.com/maps/search/?api=1&query=Summarecon+Mall+Bandung+Bandung,2024
D'Botanica Bandung Mall,Belanja,Hiburan,Mall yang lagi hits di Bandung! Hadir dengan konsep lebih modern dan nyaman,"4,4",0,1000000,https://lh3.googleusercontent.com/gps-cs-s/APNQkAEBbh4JE6RRw0vwxBOg6NDgjHX_0F3fWX-52AY4GMvJVvErEfT7hg8qWRjKzxXVBLhuoNB__CtR3E3tQQQf6H7dnsk0E39EnqlpBeIuGtjUhezPEAM7zGXosScdKNKjIkO3rMwMrA=w408-h540-k-no,-6.8930469,107.5850528,https://www.google.com/maps/search/?api=1&query=D'Botanica+Bandung,2023
Merambah Rasa,Kuliner,-,Merambah Rasa merupakan tempat makan yang menyajikan berbagai hidangan khas Indonesia dengan cita rasa beragam.,"4,9",25000,75000,https://lh3.googleusercontent.com/gps-cs-s/APNQkAE_P-LHAD7clUuRuIzBd-hRqyXmNb_Y10gxt-6Jkxb03AYt7qW1bN30YiYHUPkglzs0m1q8SpJQkYqgyKbkL72t1rYJSpZ6OH8F3EMUV9Ziq84spGiYCdR_oApMbZPgs993oo1rxocoK9iF=w408-h272-k-no,-6.8699369,107.628265,https://www.google.com/maps/search/?api=1&query=Merambah+Rasa+Bandung,2026
Blitz Tactical,Belanja,-,Blitztactical adalah tempat bagi anak-anak yang ingin melakukan shoooting range di indoor. Highly recommend buat lepas penat!,"4,9",70000,150000,https://lh3.googleusercontent.com/gps-cs-s/APNQkAEZK1BCabB6TufBrj32-_fG2l4dppfHiyKQc5yYhgFKhfOz2VFbOAx1hZS2gZbbWGtZZkhboBfJ4xNnBVlNNmHRhOvjcxpVJHyPAn8mPgLxqql4375pkP5Xknl-hwU7fOurzxa9iw=w408-h544-k-no,-6.9062676,107.5972268,https://www.google.com/maps/search/?api=1&query=Blitztactical+Bandung,2021
Sagara Madasari,Alam,Wisata,Sagara Madasari merupakan restoran seafood yang berada di tengah kota dengan suasana layaknya dipantai.,"4,8",75000,200000,https://lh3.googleusercontent.com/gps-cs-s/APNQkAEyrc5WTbKE3d-8nlYYm62Yaw1YMAp1FHV6giI7n-R85WPKjripbZ44c8En84VipkkjBdttlpWN64REHjHURBTiGyaoJ1ZayQ54Z3h2si1CxI5mh85c94cwd59HOncFL1vCBLTsXO42g1q5=w408-h306-k-no,-6.9054807,107.6151986,https://www.google.com/maps/search/?api=1&query=Sagara+Madasari+Bandung,2020
Kokuo Family Massage & Reflexology - Bandung,Hiburan,-,"Kokuo Family Massage & Reflexology, seperti namanya kokuo menjadi tempat massage dan refleksi yang diminati karena letaknya yang strategis di kota!","4,8",150000,500000,https://lh3.googleusercontent.com/gps-cs-s/APNQkAHy5vTl0ZI2TNU9d1P_gNWEgr9chxl91IsaWRnJBv0gvMZwPjM_wHg5gz1EOrBUOJaSY-G0cOenTKIrpsWMDuhXT7Lnlsex15uRsOkFMH4XyV5bpA220dzzbG_CZCikSMm6QozbTooHgygK=w427-h240-k-no,-6.9019538,107.5971861,https://www.google.com/maps/search/?api=1&query=Kokuo+Bandung,2022
Seroja Ernestine,Cafe,-,Seroja Ernestine merupakan kafe dengan desain elegan dan suasana nyaman untuk bersantai,"4,7",25000,50000,https://lh3.googleusercontent.com/gps-cs-s/APNQkAE4f5rHo0w9KL0snw9gjN-Zl5eJ-pQd-akkv9fZBgP4Edut5hPg55354MInqu0plVUI5nBud_B9OqKAiEeg9uG14SdT7PmJTu73tuxuIprpnBoENqMSbHZ-ycgddmC4YQ713l8=w408-h544-k-no,-6.8934741,107.6124841,https://www.google.com/maps/search/?api=1&query=Seroja+Ernestine+Bandung,2024
Seboeah Tjinta,Cafe,-,Seboeah Tjinta adalah kafe dengan konsep romantis dan interior klasik yang menarik untuk dikunjungi.,"4,9",25000,50000,https://lh3.googleusercontent.com/gps-cs-s/APNQkAEQpc6P6PWEduEgcff-dstbdQ8keNkRI8G9C5oCzvb9uWMFL7sjyIbEuNuQNZbB0-GCG_4BWkFxX326PZJiZ5qIooaxQHHH8oVrnDYnNC0QWjNULj5SyTkoIgAkKUE2nUgQLbYo3yJX5X3q=w408-h725-k-no,-6.9077397,107.6281859,https://www.google.com/maps/search/?api=1&query=Seboeah+Tjinta+Bandung,2024
Habitaas,Kuliner,-,Habitaas merupakan asian fusion restaurant yang letaknya berada di lengkong.,"4,6",25000,75000,https://lh3.googleusercontent.com/gps-cs-s/APNQkAEGj2CMdry4IZGQuNnItejSHb3kYw_iBoLRCzxkY9ol6M5QpuXonYSVVeR52OirVnbKo06TxNBomitLnjzZ4qJfpijZUk3tHaKfczvX-FSs3ZkqUMQcNDFNr4ho4Dm6fZr_A3-5qU1JG4JT=w408-h272-k-no,-6.9283353,107.6213331,https://www.google.com/maps/search/?api=1&query=Habitaas+Bandung,2024
Gulapadi Bandung,Kuliner,-,Gulapadi adalah tempat makan yang menyajikan menu khas Indonesia dengan konsep modern.,"4,7",25000,50000,https://lh3.googleusercontent.com/gps-cs-s/APNQkAH7L0940Weaq_w4Afhhb5O4iI_1hvIWsh08cOysw6ICTRIFoU3f5cGtk-OJN3EqZzW-P2yJe_iDyZKZbwsZ5YPlxBiRP8VEVJU2vO7l0POqJD_pBW3ERzX_al4r5Dj4dmZXnmMgozZ7n8m3=w408-h544-k-no,-6.9207849,107.6061636,https://www.google.com/maps/search/?api=1&query=Gulapadi+Bandung,2023
Iga Bakar Si Jangkung,Kuliner,-,Iga Bakar Si Jangkung terkenal dengan hidangan iga bakar yang empuk dan bercita rasa khas.,"4,4",50000,75000,https://lh3.googleusercontent.com/gps-cs-s/APNQkAEGl06wK3btPv5DzNPz3--7y9Y7so87CGrCgYxOFlt2xBwqqAmA-rbcqPJRrLpR0cDoJ6sFovyU3eGNrRY0EBwt86WC8uSKa65YPIvty1eTpVKcPP2pscVIt5974OzQ-kGZhp0p9ZsBfsUN=w408-h271-k-no,-6.8950959,107.6022172,https://www.google.com/maps/search/?api=1&query=Iga+Bakar+Si+Jangkung+Bandung,1989
Kopi Romantis Laswi,Cafe,-,Kopi Romantis merupakan kafe dengan suasana hangat yang cocok untuk bersantai.,"4,8",25000,50000,https://lh3.googleusercontent.com/gps-cs-s/APNQkAFr7fCkAwAWHfpFBZgDVsHk_4MsVRt6jQ5LkYbACPwEt3ivEurO7nur4u6JwatUniXK9HMqiH_Ml9okCmUxdCkuoD813e-Us3sQ5AUuYN3ZmpA7kKAg8TimeJvta2nsxKkPA4OWafD5KCzE=w408-h544-k-noo,-6.9162037,107.6311057,https://www.google.com/maps/search/?api=1&query=Kopi+Romantis+Bandung,2023
Bakmie Tjo Kin Cihapit,Kuliner,-,Bakmie Tjo Kin Cihapit adalah kuliner legendaris yang menyajikan mie dengan cita rasa khas.,"4,1",25000,50000,https://lh3.googleusercontent.com/gps-cs-s/APNQkAFaNFKj8sNonVcdvubeTEsXFcWTG6rXX40HRjuzseWLnkh1GDwQF7B00W_Cld7pZ9RBlGa34L_ww4PUKkptkPInMhs3A4O_c6lrokxjcKwV3N8EJCEyhpYWFuyteSLIOXvhWYrScoBKs8TX=w426-h240-k-no,-6.9081853,107.6218942,https://www.google.com/maps/search/?api=1&query=Bakmie+Tjo+Kin+Cihapit+Bandung,1947
Bungkushin Cihapit,Kuliner,-,Bhungkusin merupakan tempat makan yang menawarkan makanan rumahan dengan konsep praktis.,"4,5",25000,50000,https://lh3.googleusercontent.com/gps-cs-s/APNQkAGcPHt78tFo8rKb_ysb57lgLDefYlwZMvQBp_3F4ZnzIm2kDd83wflWA86qPm2kv1XB2lUfGUhAp3jqjtV4O6QrxQhdtTpyaz9WOpBX42kfWrxnrSA1tPyd7mz_ZHay1f2KJImj4tZFS3AH=w408-h906-k-no,-6.9082593,107.6217593,https://www.google.com/maps/search/?api=1&query=Bhungkusin+Bandung,2024
Jun Matcha Club,Cafe,-,Jun Matcha Club adalah kafe yang menyajikan berbagai olahan matcha seperti minuman dan dessert.,"4,8",50000,75000,https://lh3.googleusercontent.com/gps-cs-s/APNQkAEUvGxZwi1ttUXoSb1sHSGmE58-LqTErvUXLDHjHzJqFvd9SgaaX4CaH8L9wB28SPOpM72KcR7yDStTZgGJszcH2gYlju15H5N81MVUQhLBC7rG7LR8Hn7TU5s9cQbuaKLvgNR7N-zsCxR8=w408-h306-k-no,-6.9163964,107.6133244,https://www.google.com/maps/search/?api=1&query=Jun+Matcha+Club+Bandung,2024
Taki Matcha Room,Cafe,-,Taki Matcha merupakan tempat yang fokus pada minuman matcha dengan rasa autentik.,"4,9",50000,75000,https://lh3.googleusercontent.com/gps-cs-s/APNQkAEouJG_wB2Eh1_P-IX2mp2Y5J2faoYo8S2FVdoZnrPHyb2-C17NcS41386HOoD_Dv_2OuDT6OkRYssaBpE59rPeOK58wslHWUkvt9xIh4Y487GR6L452xGHrazDiqu7oLPdrThRnj4BSEo=w408-h543-k-no,-6.8806558,107.5823721,https://www.google.com/maps/search/?api=1&query=Taki+Matcha+Bandung,2024
Aijo Matcha and Dessert Bar,Cafe,-,Aijo Matcha adalah kafe yang menyajikan berbagai menu berbasis matcha dengan konsep modern.,5,50000,75000,https://lh3.googleusercontent.com/gps-cs-s/APNQkAH5DIhpsH6ka-oY8u4OP5rj5JDhzKCp6r-go4c4IQWB_u937JZZU3h5oBFvWht2y_HZ5Y7EZxCzAxxJSux3pck7aPRJK0q8ZAzqrBSU6CpiUbIBKAVKNOjGrnurNXFVmnD13rGark732mc=w408-h544-k-no,-6.9100121,107.6179846,https://www.google.com/maps/search/?api=1&query=Aijo+Matcha+Bandung,2024
Maru Matcha - Bandung,Cafe,-,Maru Matcha merupakan tempat yang menawarkan minuman dan dessert berbahan matcha.,"4,8",50000,75000,https://lh3.googleusercontent.com/gps-cs-s/APNQkAFLWYmx9nZXM15aGb-6BMf7Cgdt8R81EeXikBeJ-S5GhICYb38S49QN4mkDF8kIoLJw6DW4CiZhTXgRi03kBfk7ty6x9lBIFbidwhOkawH3ss_bDiwbqwaibFH0jy9DBE_c1SsyZChVBdSc=w408-h544-k-no,-6.9152394,107.5923925,https://www.google.com/maps/search/?api=1&query=Maru+Matcha+Bandung,2023
Kusuma Matcha,Cafe,-,Kusuma Matcha adalah kafe kecil yang fokus pada minuman matcha berkualitas.,"4,4",25000,50000,https://lh3.googleusercontent.com/gps-cs-s/APNQkAHeDcKh1aywB_E26Sf9695P1hZpuOp8xyToNfSKR67MimStWctNDsjUsncMl0Rynvvk2-o_RlnyIPfe6Yks8mm7FX-0FRwALBstNr3AkYp1TcdgTXVPODQhOw0wV-ivQ8FT6AKt8vWBfXZt=w408-h611-k-no,-6.90315,107.6153437,https://www.google.com/maps/search/?api=1&query=Kusuma+Matcha+Bandung,2024
33(rd),Cafe,-,33(rd) merupakan ruang kreatif yang digunakan untuk berbagai kegiatan seperti event dan kolaborasi komunitas. Dikenal dengan matcha nya yang autentik,"4,8",25000,50000,https://lh3.googleusercontent.com/gps-cs-s/APNQkAEMJRZMS7oKrLdEdaHafgAgoY555esGiwc4x0Z8cc6g_dPImvqmxQhnR4BcNsJ84esP5g8bCZa6DBy-ym5XTgPoTaiAW0-fzFQbnvQlPwB155hj0D1fdsBhEfUMp3VTyHCb_Za3_RgTZK2e=w408-h544-k-no,-6.9185574,107.6054084,https://www.google.com/maps/search/?api=1&query=33(rd)+Bandung,2024Warung Nasi Kuning Mang Ade,Kuliner,-,"Warung nasi kuning legendaris di Cicendo sejak 1990, dengan lauk khas Sunda yang selalu segar.","4,6",15000,35000,,-6.9101,107.6019,https://www.google.com/maps/search/?api=1&query=Warung%20Nasi%20Kuning%20Mang%20Ade%20Bandung,1990
